Date,Open,High,Low,Close,Adj Close,Volume,Comp_Social,Neg_Social,Neu_Social,Pos_Social,Comp_News,Pos_News,Neu_News,Neg_News
08-03-2022,679.650024,692,670.599976,688.849976,688.849976,3831397,0.7096,0,0.831,0.169,0,0,1,0
03-03-2022,718.799988,724.599976,703,706.700012,706.700012,7533817,0.8176,0,0.898,0.102,0,0,1,0
25-02-2022,674.5,703,670.25,695.150024,695.150024,5738223,0.5719,0.026,0.898,0.076,0,0,1,0
24-02-2022,682,688,651.950012,654.849976,654.849976,9547717,0.0772,0.074,0.829,0.097,0,0,1,0
22-02-2022,698,711.099976,685,705.549988,705.549988,6112926,0.296,0,0.855,0.145,0,0,1,0
21-02-2022,722.700012,726.75,709.549988,711.099976,711.099976,2805791,-0.7269,0.183,0.729,0.088,0,0,1,0
16-02-2022,724.900024,750.849976,722.099976,740.75,740.75,9382605,0.9371,0,0.745,0.255,0,0,1,0
10-02-2022,736.900024,741.549988,728.049988,731.049988,731.049988,4752601,-0.4509,0.083,0.872,0.045,0,0,1,0
09-02-2022,722,735.400024,719.049988,733.450012,733.450012,3186942,-0.5574,0.136,0.823,0.041,0,0,1,0
08-02-2022,719,723,703,717.799988,717.799988,3207780,0.32,0.089,0.798,0.113,0,0,1,0
04-02-2022,735,741.150024,724,726.950012,726.950012,2453595,-0.9201,0.253,0.705,0.042,0,0,1,0
02-02-2022,723.900024,746.849976,721.5,745.200012,745.200012,6167378,-0.5267,0.09,0.879,0.031,0.296,0.047,0.953,0
01-02-2022,721,744.299988,720.650024,738.75,738.75,6052108,0.6597,0,0.929,0.071,0.4588,0.066,0.907,0.027
31-01-2022,719.700012,723.900024,714.549988,716.299988,716.299988,2152066,0.2023,0,0.954,0.046,0.4588,0.066,0.907,0.027
27-01-2022,699.799988,712.299988,691,709.099976,709.099976,4749083,-0.1926,0.028,0.952,0.019,0.4588,0.066,0.907,0.027
19-01-2022,761.75,761.75,736,744.200012,744.200012,5843870,-0.5267,0.141,0.811,0.049,0.4588,0.066,0.907,0.027
18-01-2022,780,790,760,762.950012,762.950012,4300929,0,0,1,0,0.4588,0.066,0.907,0.027
13-01-2022,763,776,760,772.200012,772.200012,4049411,0.2732,0.026,0.932,0.042,0.8625,0.135,0.842,0.022
11-01-2022,738.650024,768.900024,728.5,765.099976,765.099976,8959781,0.9552,0.033,0.811,0.157,0.8779,0.125,0.855,0.02
06-01-2022,748.900024,748.900024,730.099976,739.799988,739.799988,5440633,0.0253,0.102,0.777,0.121,0.8779,0.125,0.855,0.02
22-12-2021,727,729.900024,717.25,722.849976,722.849976,3626585,-0.5267,0.121,0.837,0.042,0.9325,0.151,0.832,0.017
21-12-2021,710,728,701.700012,725.599976,725.599976,6943546,0.6597,0,0.878,0.122,0.9325,0.151,0.832,0.017
16-12-2021,752,756.450012,739.349976,745.150024,745.150024,3303620,0.5994,0,0.928,0.072,0.9153,0.121,0.863,0.016
15-12-2021,763.700012,766.650024,742.950012,745.5,745.5,4673906,-0.5267,0.127,0.829,0.044,0.9153,0.121,0.863,0.016
14-12-2021,755.900024,766,750.5,763.700012,763.700012,2919015,0.8765,0,0.866,0.134,0.9153,0.121,0.863,0.016
06-12-2021,739,744.5,721.5,723.450012,723.450012,3537411,0.8192,0,0.909,0.091,0.8979,0.119,0.845,0.036
03-12-2021,739,746.5,734,737.450012,737.450012,5578503,0.5859,0,0.921,0.079,0.8979,0.119,0.845,0.036
02-12-2021,710,742.299988,702.299988,739.099976,739.099976,8478638,0.8225,0.066,0.793,0.142,0.8979,0.119,0.845,0.036
01-12-2021,695,711.049988,682.75,707.950012,707.950012,5582125,0.0258,0.092,0.786,0.122,0.8979,0.119,0.845,0.036
30-11-2021,704,712.650024,679.700012,683.849976,683.849976,6190734,-0.4939,0.127,0.784,0.088,0.8979,0.119,0.845,0.036
29-11-2021,707,715,682.650024,702.599976,702.599976,5930351,0.0731,0.075,0.845,0.08,0.8979,0.119,0.845,0.036
25-11-2021,764.799988,774.299988,755.5,762.450012,762.450012,6140941,0,0,1,0,0.8979,0.113,0.852,0.035
24-11-2021,735.650024,772.349976,732,763.049988,763.049988,11647665,0.5807,0.084,0.794,0.122,0.8979,0.113,0.852,0.035
23-11-2021,714,733.599976,705.200012,729.25,729.25,3487221,0.0258,0,0.977,0.023,0.8979,0.113,0.852,0.035
11-11-2021,734.950012,741.549988,728.5,735.099976,735.099976,2325810,-0.4015,0.059,0.888,0.052,0.8979,0.104,0.864,0.032
02-11-2021,707,715,700.650024,702.349976,702.349976,3028354,0.2037,0.075,0.788,0.137,0.8979,0.104,0.864,0.032
29-10-2021,697,709.599976,687,693,693,7612968,0.9432,0.024,0.8,0.176,0.8979,0.104,0.864,0.032
28-10-2021,724.349976,734.5,681.150024,688.099976,688.099976,18160551,-0.34,0.069,0.879,0.052,0.9493,0.123,0.849,0.029
27-10-2021,753.650024,756.549988,743.650024,745.849976,745.849976,3246881,0.9464,0.015,0.84,0.145,0.9702,0.129,0.847,0.024
22-10-2021,780.299988,787.299988,753.900024,761.799988,761.799988,3860760,0,0,1,0,0.9702,0.129,0.847,0.024
18-10-2021,820.900024,829.900024,807,810.549988,810.549988,8883845,0.296,0.046,0.869,0.085,0.9702,0.118,0.859,0.022
14-10-2021,766.099976,817.700012,764.25,812.799988,812.799988,19754735,0.9907,0,0.844,0.156,0.9756,0.117,0.863,0.02
13-10-2021,740.599976,764.599976,739.099976,759,759,9083125,0.5994,0,0.921,0.079,0.9786,0.116,0.865,0.019
12-10-2021,737.650024,740.950012,728.849976,736.900024,736.900024,2152513,0,0,1,0,0.9786,0.11,0.872,0.018
08-10-2021,739.700012,747,733.5,739.900024,739.900024,2878232,-0.9117,0.164,0.813,0.024,0.9786,0.104,0.879,0.017
05-10-2021,744.150024,753.799988,742,743.950012,743.950012,3270764,0.9477,0.039,0.799,0.162,0.9808,0.106,0.878,0.016
04-10-2021,738.849976,747.5,736.049988,744.200012,744.200012,3414151,0.3182,0,0.887,0.113,0.9808,0.103,0.881,0.016
01-10-2021,735.849976,738.25,722,734.950012,734.950012,4008108,0.9658,0.029,0.757,0.214,0.9808,0.103,0.881,0.016
28-09-2021,754,756.900024,733,738.700012,738.700012,3748173,0.7003,0,0.864,0.136,0.9808,0.103,0.881,0.016
23-09-2021,754.400024,760,750.549988,754.5,754.5,3526253,0.8689,0,0.945,0.055,0.9855,0.11,0.875,0.015
22-09-2021,750,759.599976,742,745.299988,745.299988,4343365,0.1027,0,0.935,0.065,0.9855,0.107,0.878,0.015
21-09-2021,754,758.799988,734.049988,749.599976,749.599976,7766479,0.9517,0,0.899,0.101,0.9874,0.11,0.875,0.014
20-09-2021,759.799988,776,746.099976,748.900024,748.900024,5570433,0.3818,0.048,0.838,0.114,0.9914,0.121,0.866,0.013
07-09-2021,753.900024,755.150024,741.650024,745.5,745.5,3515903,0,0,1,0,0.9914,0.119,0.868,0.013
03-09-2021,755.950012,762,745.299988,754.900024,754.900024,4491254,-0.3935,0.116,0.83,0.054,0.9923,0.121,0.866,0.013
02-09-2021,745,760.650024,744,753.849976,753.849976,5788915,0.9436,0.028,0.834,0.138,0.9923,0.121,0.866,0.013
31-08-2021,732.299988,754,728.099976,748.299988,748.299988,15419587,0.9081,0,0.833,0.167,0.9923,0.121,0.866,0.013
26-08-2021,725,733,717.700012,721.700012,721.700012,14969643,0.9618,0,0.831,0.169,0.9923,0.121,0.866,0.013
25-08-2021,698.5,725,695.400024,720.75,720.75,21275432,0.6486,0,0.739,0.261,0.9923,0.121,0.866,0.013
24-08-2021,673,702,668.5,695.400024,695.400024,7640710,0.2023,0,0.948,0.052,0.9923,0.121,0.866,0.013
23-08-2021,691.799988,691.799988,665,668.299988,668.299988,6636881,-0.7783,0.132,0.823,0.046,0.9923,0.121,0.866,0.013
18-08-2021,696.450012,708.299988,688.700012,705.400024,705.400024,7354758,0.8543,0.063,0.685,0.252,0.9923,0.121,0.866,0.013
16-08-2021,704,716.450012,702,706.900024,706.900024,6385995,0.5267,0.032,0.886,0.083,0.9923,0.121,0.866,0.013
10-08-2021,701.700012,706.75,683.25,693,693,5937282,0,0,1,0,0.9923,0.121,0.866,0.013
09-08-2021,714,717,694.099976,699.900024,699.900024,7521213,-0.5267,0.121,0.837,0.042,0.994,0.128,0.861,0.012
06-08-2021,692.950012,719.900024,691.450012,710.700012,710.700012,17504802,0.7717,0,0.903,0.097,0.994,0.128,0.861,0.012
04-08-2021,718,718,692,694.700012,694.700012,14045587,0.8421,0.055,0.854,0.092,0.9946,0.128,0.861,0.011
03-08-2021,698,714.950012,695.25,705.049988,705.049988,18429941,0.9829,0.054,0.787,0.159,0.995,0.125,0.864,0.011
02-08-2021,682,695,678,692,692,8925708,0.4019,0,0.92,0.08,0.995,0.125,0.864,0.011
29-07-2021,671,671,657.950012,659.650024,659.650024,4572153,0.2023,0,0.958,0.042,0.995,0.125,0.864,0.011
27-07-2021,682.799988,686.299988,660.349976,663.200012,663.200012,7133113,0.0258,0.052,0.895,0.054,0.9955,0.126,0.861,0.013
26-07-2021,680,690.950012,674.450012,682.799988,682.799988,5339116,0.8402,0,0.773,0.227,0.9955,0.126,0.861,0.013
22-07-2021,678,695,666.700012,691.799988,691.799988,9740403,-0.3182,0.084,0.916,0,0.9955,0.126,0.861,0.013
19-07-2021,686,693,661.400024,673.700012,673.700012,13618862,0.9509,0.068,0.747,0.186,0.9955,0.126,0.861,0.013
15-07-2021,699.700012,706.400024,695.5,699.099976,699.099976,7490612,0,0,1,0,0.9955,0.126,0.861,0.013
13-07-2021,720,720.900024,702,704,704,12287372,0.8555,0,0.657,0.343,0.9955,0.124,0.864,0.013
09-07-2021,712.5,737,708.349976,728.5,728.5,14924156,0,0,1,0,0.9955,0.124,0.864,0.013
08-07-2021,724,728,709.099976,711.700012,711.700012,7804439,0.3818,0.124,0.706,0.169,0.9955,0.124,0.864,0.013
07-07-2021,716.900024,723,706,720.099976,720.099976,8719991,0,0,1,0,0.9955,0.124,0.864,0.013
06-07-2021,712,731.950012,707.099976,712.700012,712.700012,14580124,0.8442,0.016,0.912,0.072,0.9955,0.124,0.864,0.013
05-07-2021,717,721,703,710.049988,710.049988,11105134,0.9011,0.039,0.782,0.179,0.9955,0.124,0.864,0.013
02-07-2021,705,724.299988,705,710.400024,710.400024,17676086,0.9366,0.02,0.867,0.113,0.9955,0.122,0.866,0.012
24-06-2021,724,725,701.700012,709.900024,709.900024,21503302,-0.4404,0.079,0.921,0,0.9955,0.12,0.868,0.012
23-06-2021,749,757,715.5,718.700012,713.700012,31168761,0.8977,0,0.897,0.103,0.9955,0.12,0.868,0.012
22-06-2021,740,761.650024,738,742.900024,737.731689,35597113,0.8457,0.014,0.898,0.088,0.9955,0.118,0.87,0.012
21-06-2021,692,744.650024,685.099976,731.049988,725.96405,51759617,0,0,1,0,0.9955,0.118,0.87,0.012
18-06-2021,643.200012,704.599976,638.099976,694.349976,689.519409,76266975,0.9834,0.026,0.866,0.108,0.9955,0.118,0.87,0.012
17-06-2021,683,704.650024,638.349976,646.900024,642.399536,70812142,0.9661,0.082,0.797,0.121,0.9955,0.118,0.87,0.012
16-06-2021,755,755,697.799988,706.700012,701.783508,29440056,0.8525,0.073,0.821,0.106,0.9948,0.115,0.867,0.018
15-06-2021,802.900024,802.900024,755,761.849976,756.549805,45408426,0.9567,0.055,0.829,0.117,0.9948,0.115,0.867,0.018
14-06-2021,755.799988,783.700012,681.099976,768.450012,763.103882,89771631,0.9952,0.07,0.81,0.12,0.9948,0.115,0.867,0.018
11-06-2021,852,856.400024,820.700012,839.75,833.907837,17460610,-0.5423,0.046,0.935,0.018,0.9948,0.115,0.867,0.018
10-06-2021,858.549988,863.950012,843.299988,846.75,840.859192,11744190,-0.2732,0.075,0.925,0,0.9948,0.115,0.867,0.018
09-06-2021,879.25,901,831.299988,852.599976,846.668457,31225441,0.1613,0.057,0.875,0.068,0.9948,0.115,0.867,0.018
08-06-2021,883.400024,887.799988,859.150024,874.200012,868.118225,16422574,0.8533,0.017,0.906,0.078,0.9948,0.115,0.867,0.018
07-06-2021,837.400024,898.799988,835.650024,878.599976,872.487549,33684310,0.5423,0,0.94,0.06,0.9948,0.115,0.867,0.018
03-06-2021,818.849976,849,810.700012,825.299988,819.558411,24105079,0.9379,0.027,0.811,0.162,0.9948,0.115,0.867,0.018
02-06-2021,802.950012,824,802.950012,811.5,805.85437,27748928,0.9524,0.036,0.853,0.111,0.9948,0.114,0.868,0.018
01-06-2021,773.099976,801.799988,764.299988,798.200012,792.646912,17847137,-0.3182,0.043,0.934,0.024,0.9948,0.114,0.868,0.018
28-05-2021,755,784.900024,754,776.150024,770.750366,13623565,0.5423,0.027,0.902,0.071,0.9948,0.114,0.868,0.018
26-05-2021,767.849976,769.900024,757,758.299988,753.024475,7375242,0.9306,0,0.64,0.36,0.9948,0.114,0.868,0.018
24-05-2021,769.700012,779.900024,746.599976,766.549988,761.217102,8354397,0.9723,0,0.838,0.162,0.9948,0.114,0.868,0.018
19-05-2021,784,791.900024,769.299988,772.400024,767.026428,15666729,-0.1779,0.094,0.836,0.07,0.9948,0.114,0.868,0.018
18-05-2021,765,780,757.099976,775.900024,770.502075,9877934,0,0,1,0,0.9948,0.114,0.868,0.018
17-05-2021,740,760,737,754.200012,748.953064,12271212,0.6808,0,0.897,0.103,0.9948,0.114,0.868,0.018
12-05-2021,763,772.799988,747.700012,751.599976,746.371094,10615003,0.224,0.055,0.866,0.079,0.9948,0.114,0.868,0.018
07-05-2021,747.700012,778,745.25,767.75,762.408752,20782117,0.3182,0,0.919,0.081,0.9948,0.114,0.868,0.018
06-05-2021,745,753.700012,735.599976,740.799988,735.64624,11926793,0.6652,0,0.942,0.058,0.9948,0.114,0.868,0.018
05-05-2021,772,774.799988,732.700012,738.099976,732.965027,29426971,0.9894,0.038,0.828,0.134,0.9951,0.113,0.87,0.017
04-05-2021,779.849976,782,760.049988,768.75,763.401794,31400296,0.967,0.039,0.882,0.079,0.9953,0.109,0.875,0.016
03-05-2021,727.650024,764,713.75,761.400024,756.102966,25953577,0.6597,0.031,0.873,0.096,0.9953,0.109,0.875,0.016
20-04-2021,744.700012,745.900024,710,720.450012,715.437866,21315167,0.296,0,0.953,0.047,0.995,0.107,0.874,0.019
16-04-2021,750.900024,794.849976,743,755.5,750.244019,41791181,0,0,1,0,0.995,0.107,0.874,0.019
15-04-2021,735.900024,754.5,725,750.349976,745.129822,26108614,-0.1027,0.05,0.903,0.047,0.995,0.107,0.874,0.019
13-04-2021,750,755.75,701.349976,731.049988,725.96405,52812517,0.8807,0.041,0.902,0.057,0.9956,0.103,0.88,0.017
12-04-2021,809.900024,809.900024,735,744.650024,739.469482,28112240,0.3818,0.028,0.911,0.061,0.9956,0.103,0.88,0.017
08-04-2021,818,838,806,823,817.274414,34025873,0.8658,0.021,0.866,0.113,0.9956,0.103,0.88,0.017
07-04-2021,857,885,795,814.75,809.081787,97717880,0.9943,0.023,0.862,0.115,0.9956,0.103,0.88,0.017
06-04-2021,756,852.700012,743,835.549988,829.737061,64555516,0.9934,0.02,0.874,0.105,0.9957,0.102,0.88,0.017
05-04-2021,731.75,745,715,742.25,737.086182,15622924,0,0,1,0,0.9957,0.099,0.884,0.017
01-04-2021,713.5,742,705,736.25,731.12793,15017049,0.9416,0.028,0.839,0.132,0.9957,0.099,0.884,0.017
25-03-2021,711,712.349976,683.150024,688.25,683.461853,16860086,0.9159,0,0.83,0.17,0.9957,0.099,0.884,0.017
24-03-2021,741,750.5,697.650024,706.849976,701.932434,21213413,0,0,1,0,0.9957,0.099,0.884,0.017
23-03-2021,730.25,755,727.099976,738.549988,733.411926,30612174,0.9796,0.007,0.861,0.132,0.9957,0.095,0.889,0.016
22-03-2021,686,726.25,681,721.900024,716.877747,22864950,0.9543,0,0.855,0.145,0.9957,0.093,0.891,0.016
19-03-2021,677.400024,691.5,657.099976,686.25,681.475769,10373422,0,0,1,0,0.9957,0.093,0.891,0.016
18-03-2021,695,705.5,675.400024,679.650024,674.921692,10925357,0,0,1,0,0.9957,0.093,0.891,0.016
16-03-2021,731.400024,735.700012,714.25,717.349976,712.359375,14979009,0.9231,0,0.906,0.094,0.9957,0.092,0.893,0.015
12-03-2021,749,752.099976,723,728.150024,723.08429,10961076,-0.5719,0.078,0.922,0,0.9957,0.091,0.894,0.015
09-03-2021,755.549988,759.400024,738.650024,750.75,745.527039,8548163,-0.2924,0.083,0.917,0,0.9954,0.089,0.894,0.017
08-03-2021,762.700012,767.799988,744.200012,748.400024,743.19342,15286852,0.9753,0,0.856,0.144,0.9957,0.091,0.892,0.017
05-03-2021,752.450012,761,730.5,748.950012,743.739563,17665200,0.9099,0.028,0.776,0.196,0.9961,0.092,0.891,0.017
04-03-2021,733.25,765.700012,715.849976,752.450012,747.21521,30607959,0.9652,0.001,0.981,0.018,0.9961,0.09,0.894,0.016
03-03-2021,732,754.950012,723.400024,729.849976,724.7724,19961472,0.872,0,0.848,0.152,0.9961,0.089,0.895,0.016
02-03-2021,697.599976,724.700012,696,720.5,715.487488,11486477,0.8712,0.006,0.962,0.033,0.9961,0.089,0.895,0.016
26-02-2021,697.099976,703.450012,668,675.900024,671.197815,19909990,0,0,1,0,0.9961,0.089,0.895,0.016
25-02-2021,669.400024,711.349976,667.150024,704.299988,699.400146,18596690,0.8555,0,0.854,0.146,0.9961,0.089,0.895,0.016
22-02-2021,658.799988,678.5,649,673.799988,669.112366,16739107,0.9375,0.026,0.843,0.131,0.9961,0.089,0.895,0.016
19-02-2021,664.950012,676.650024,628.650024,653.5,648.953613,17553743,0.7065,0,0.705,0.295,0.9961,0.089,0.895,0.016
18-02-2021,660.799988,670,649.049988,664.049988,659.430176,13189027,0,0,1,0,0.9961,0.089,0.895,0.016
17-02-2021,658,670,646.900024,655.75,651.187927,34868085,0.6486,0.008,0.956,0.036,0.9958,0.087,0.894,0.019
16-02-2021,629.799988,643.5,628.049988,636.549988,632.121521,15120148,0,0,1,0,0.9958,0.086,0.895,0.019
15-02-2021,617.950012,639.900024,610.799988,627.75,623.382751,15146033,0.3612,0.01,0.972,0.017,0.9958,0.086,0.895,0.019
12-02-2021,592.299988,621.650024,586.099976,616.599976,612.310303,24953701,-0.6652,0.163,0.759,0.078,0.9958,0.086,0.895,0.019
10-02-2021,584.75,587,550.5,576.849976,572.836853,19987392,0.9328,0.046,0.818,0.136,0.9958,0.086,0.895,0.019
05-02-2021,571,573.950012,561.650024,566.950012,563.005737,5586868,-0.2732,0.062,0.938,0,0.9961,0.087,0.895,0.018
03-02-2021,549.549988,562.299988,542,560.099976,556.203369,7462289,0.368,0,0.949,0.051,0.9961,0.087,0.895,0.018
02-02-2021,548.700012,554.849976,540,550.799988,546.968079,7160471,0,0,1,0,0.9961,0.087,0.895,0.018
01-02-2021,514.299988,545.450012,500.100006,542.75,538.974121,10259084,0.4215,0,0.96,0.04,0.9961,0.087,0.895,0.018
28-01-2021,515.700012,527.950012,507.049988,519.099976,515.488586,5707393,0,0,1,0,0.9962,0.086,0.896,0.018
22-01-2021,549.5,557.5,531.700012,535.799988,532.072449,6843849,0.9952,0.052,0.826,0.122,0.9962,0.084,0.899,0.017
20-01-2021,529,562.5,529,558.599976,554.713806,14440729,0.796,0.02,0.881,0.099,0.9962,0.084,0.899,0.017
14-01-2021,537.950012,542.450012,530.099976,536.950012,533.214478,6066782,-0.9978,0.054,0.934,0.012,0.9962,0.084,0.899,0.017
13-01-2021,515.900024,540,514.599976,536.650024,532.916565,11045555,-0.9874,0.058,0.942,0,0.9962,0.082,0.901,0.017
01-01-2021,485,508,482.549988,503.850006,500.344727,7815730,0.3818,0,0.867,0.133,0.9962,0.082,0.901,0.017
29-12-2020,485,489.850006,478.200012,483.399994,480.036987,5866837,-0.2732,0.062,0.938,0,0.9962,0.082,0.901,0.017
28-12-2020,480,492.950012,480,483.549988,480.185944,8372924,-0.984,0.042,0.951,0.007,0.9962,0.082,0.901,0.017
15-12-2020,469.5,479.649994,461.450012,475.75,472.440216,10973876,0.4588,0,0.903,0.097,0.9962,0.081,0.902,0.017
08-12-2020,472.700012,474.700012,457.549988,463.350006,460.126495,9218366,0.7456,0.026,0.85,0.124,0.9962,0.081,0.902,0.017
07-12-2020,461,474.899994,459,471.5,468.219788,16140936,0.5499,0,0.956,0.044,0.9962,0.081,0.902,0.017
04-12-2020,439.700012,458.299988,439,453.700012,450.54361,10271034,0.7269,0,0.747,0.253,0.9962,0.081,0.902,0.017
27-11-2020,411,416,408.200012,411.549988,408.686829,10593353,0,0,1,0,0.9962,0.081,0.902,0.017
25-11-2020,396.299988,404.700012,384.399994,398.950012,396.17453,18238080,0.9419,0.052,0.806,0.141,0.9962,0.081,0.902,0.017
24-11-2020,378,402,376,392.25,389.521118,19485370,0.9022,0,0.869,0.131,0.9962,0.08,0.903,0.017
17-11-2020,368.5,386.75,366.25,379.649994,377.008759,11192618,0.7213,0.024,0.905,0.071,0.9962,0.08,0.903,0.017
13-11-2020,367.5,370.399994,362.700012,365.5,362.957214,4156320,0,0,1,0,0.9962,0.08,0.903,0.017
04-11-2020,367.649994,369.5,349.600006,361.100006,358.58783,17940352,0.8934,0,0.784,0.216,0.9962,0.079,0.904,0.016
30-10-2020,345.200012,362.700012,343.200012,359.850006,357.346527,12044256,0.9136,0.026,0.77,0.203,0.9967,0.082,0.902,0.016
27-10-2020,360.200012,366.200012,351,364.399994,361.864868,5869559,0,0,1,0,0.9967,0.083,0.899,0.018
08-10-2020,359.799988,362.799988,356.350006,359.75,357.247223,3036028,0,0,1,0,0.9967,0.083,0.899,0.018
06-10-2020,356,364.5,354.850006,362.899994,360.375305,7483578,0.6808,0,0.906,0.094,0.9967,0.083,0.899,0.018
01-09-2020,357,365.350006,341.399994,348.799988,346.373383,6726316,0,0,1,0,0.9967,0.082,0.901,0.017
31-08-2020,365,378.350006,352,355.75,353.275055,19379155,0.9081,0.019,0.841,0.139,0.9967,0.081,0.902,0.017
28-08-2020,355,363,348.5,360.049988,357.545135,5406394,0.3182,0.055,0.873,0.071,0.9967,0.081,0.902,0.017
26-08-2020,346.350006,366.899994,346.350006,354.25,351.785492,11568355,0.9274,0,0.791,0.209,0.9971,0.084,0.899,0.017
24-08-2020,358.399994,363.299988,347.600006,349,346.572021,3488987,0.5267,0,0.694,0.306,0.9971,0.084,0.899,0.017
13-08-2020,343.549988,348.950012,341.75,347.649994,345.231384,2707033,0.34,0,0.821,0.179,0.9971,0.084,0.9,0.017
12-08-2020,336,347.75,331.75,341.200012,338.826294,10674205,0.9936,0.019,0.765,0.216,0.9971,0.082,0.902,0.016
05-08-2020,316.399994,328.799988,313.399994,327.100006,324.824371,8387003,0.5423,0,0.894,0.106,0.9971,0.081,0.903,0.016
30-07-2020,317.850006,321.75,310.100006,312.5,310.325928,2498353,-0.0258,0.174,0.695,0.131,0.9971,0.081,0.903,0.016
15-07-2020,320.549988,324.5,312.899994,315.149994,312.957489,3905249,0.9694,0,0.745,0.255,0.9976,0.085,0.899,0.016
14-07-2020,332.700012,333.5,319.700012,320.399994,318.170959,3146768,0,0,1,0,0.9976,0.085,0.899,0.016
06-07-2020,365.100006,366,356.100006,359.450012,356.94931,3360559,0,0,1,0,0.9976,0.085,0.899,0.016
19-05-2020,299.799988,320.899994,297.350006,319.200012,316.97934,10540236,0.875,0,0.862,0.138,0.9978,0.082,0.903,0.015
18-05-2020,306,307.350006,291.350006,293.299988,291.259491,3625908,0,0,1,0,0.9978,0.082,0.903,0.015
07-05-2020,271.200012,284.5,268.450012,282.399994,280.435333,6505707,0.8481,0,0.897,0.103,0.9978,0.081,0.905,0.015
06-05-2020,261.100006,273.5,261.100006,270.149994,268.270569,10547916,0,0,1,0,0.9981,0.084,0.902,0.014
05-05-2020,271.700012,271.700012,261.100006,263.100006,261.269623,4866839,0.836,0.031,0.826,0.143,0.9984,0.088,0.898,0.014
30-04-2020,295.049988,296,285.100006,290.100006,288.081787,4675412,0.4019,0,0.787,0.213,0.9985,0.088,0.898,0.014
24-04-2020,273.950012,276.950012,269.549988,270.649994,268.76709,2515755,0,0,1,0,0.9985,0.087,0.9,0.013
09-04-2020,254,254.600006,247.449997,251.899994,250.147522,5290625,0.7269,0,0.809,0.191,0.9986,0.087,0.899,0.013
07-04-2020,254.199997,255.850006,245.600006,248.100006,246.373978,7360798,0.802,0,0.809,0.191,0.9986,0.086,0.901,0.013
01-04-2020,246.050003,247.800003,235.050003,244.800003,243.096924,4034211,-0.9942,0.269,0.674,0.056,0.9987,0.088,0.899,0.013
24-03-2020,216,238.75,212.600006,231.75,230.137711,9694177,0,0,1,0,0.9987,0.087,0.901,0.013
06-01-2020,388,388,374.75,380.200012,373.427979,12482680,0,0,1,0,0.9989,0.088,0.9,0.012
01-01-2020,368,379.25,366,377.649994,370.92337,11377167,0.9153,0,0.842,0.158,0.999,0.091,0.897,0.012
30-12-2019,371,371,363.75,365.950012,359.431793,4732203,0.128,0.046,0.888,0.066,0.999,0.09,0.898,0.012
20-12-2019,370.200012,378,370.200012,372.299988,365.668671,10808900,0.296,0,0.855,0.145,0.999,0.09,0.898,0.012
16-12-2019,377.25,380.450012,366.950012,368.350006,361.789032,3579883,0.4404,0.062,0.792,0.147,0.999,0.09,0.898,0.012
13-11-2019,391,391.799988,369.399994,370.799988,364.195374,5392849,0.6124,0.088,0.745,0.167,0.9992,0.095,0.894,0.011
24-10-2019,399,401.450012,393.350006,399.149994,392.040405,6433637,-0.5423,0.2,0.8,0,0.9992,0.095,0.894,0.011
24-09-2019,409.950012,417.5,403.950012,413.850006,406.478607,3112368,0.296,0,0.963,0.037,0.9992,0.094,0.895,0.011
06-09-2019,368,368.700012,363.799988,365.75,359.235321,2366109,0.5859,0.04,0.825,0.135,0.9992,0.094,0.895,0.011
26-08-2019,366,375,349.350006,368.200012,361.641724,4974219,0.6808,0,0.641,0.359,0.9992,0.093,0.896,0.011
28-06-2019,408.700012,413.350006,407,410.200012,402.681763,2148799,0.296,0,0.855,0.145,0.9993,0.095,0.893,0.012
27-06-2019,415.25,418.299988,404.700012,406.5,399.049561,8841636,-0.3818,0.077,0.923,0,0.9993,0.095,0.893,0.012
19-06-2019,423.5,424.850006,400.700012,407.700012,400.2276,5938743,0.6486,0,0.841,0.159,0.9993,0.095,0.893,0.012
03-06-2019,416.399994,426.350006,412.100006,424.75,416.965057,3852273,0,0,1,0,0.9993,0.094,0.894,0.012
28-05-2019,420,426.799988,408.700012,412.649994,405.086853,18296760,0.9517,0.033,0.792,0.175,0.9993,0.094,0.894,0.012
24-05-2019,408.450012,414.850006,399.5,410.25,402.730835,9272570,0.6369,0,0.741,0.259,0.9993,0.096,0.892,0.013
21-05-2019,409,411.399994,385.299988,387.600006,380.495972,9115899,0.9643,0.012,0.873,0.116,0.9994,0.097,0.89,0.012
20-05-2019,388.5,408.200012,376.049988,400.100006,392.766846,10973781,0.9509,0.02,0.782,0.197,0.9994,0.097,0.89,0.012
09-05-2019,369.899994,370.700012,361.100006,363.899994,357.230347,1315271,0.6486,0,0.71,0.29,0.9994,0.097,0.89,0.012
07-05-2019,381,383.950012,370.100006,371.899994,365.08374,1628805,0,0.137,0.747,0.116,0.9994,0.097,0.89,0.012
28-03-2019,368.850006,382.649994,366.299988,381.299988,374.311432,5909606,0.1027,0.128,0.722,0.15,0.9994,0.098,0.89,0.012
19-03-2019,370,372,362.5,365.75,359.046448,1933040,0.4404,0,0.791,0.209,0.9994,0.097,0.89,0.012
15-03-2019,366.25,368.950012,361.5,367.100006,360.371704,3057825,-0.3182,0.039,0.961,0,0.9994,0.097,0.89,0.012
01-03-2019,328.799988,334.799988,327,333.200012,327.093018,4756894,0,0,1,0,0.9994,0.098,0.89,0.012
26-02-2019,324,326.5,315.75,323.5,317.570831,14243781,0,0,1,0,0.9994,0.098,0.891,0.012
25-02-2019,329,339.549988,320.600006,324.549988,318.601563,21795407,0.4398,0.051,0.875,0.074,0.9994,0.098,0.891,0.012
06-02-2019,338.799988,341.799988,318.850006,330.350006,324.295288,6687853,0.5574,0.044,0.84,0.116,0.9994,0.098,0.891,0.012
29-01-2019,330,354.600006,327.600006,349.25,342.848877,9816333,0.9607,0.007,0.848,0.145,0.9994,0.098,0.891,0.012
28-01-2019,374.950012,375.350006,292.100006,326.100006,320.123169,15177384,0.8658,0.055,0.58,0.364,0.9994,0.098,0.891,0.012
28-12-2018,384.950012,390.75,384,387.399994,380.299622,3282766,0.4215,0.017,0.945,0.038,0.9994,0.098,0.89,0.012
27-12-2018,379.25,385.799988,373.649994,384,376.961975,5043675,0,0,1,0,0.9994,0.098,0.89,0.012
26-12-2018,360.200012,378.5,357.5,376.549988,369.648468,4519020,0.1154,0.116,0.779,0.105,0.9994,0.098,0.89,0.012
09-11-2018,328,338.850006,326.149994,337.600006,331.412354,3522988,0.5994,0.107,0.631,0.262,0.9995,0.098,0.891,0.011
24-10-2018,325,329.399994,307.399994,314.149994,308.392181,7675048,0.8151,0,0.878,0.122,0.9995,0.097,0.891,0.011
10-10-2018,318.700012,332.899994,316,327.100006,321.104828,2734052,0.5423,0.054,0.793,0.153,0.9995,0.097,0.891,0.011
12-09-2018,366.700012,377.450012,364.799988,376.049988,369.157654,3711887,0.6369,0,0.86,0.14,0.9995,0.097,0.891,0.011
03-09-2018,384,392.950012,378.450012,384.450012,377.403717,2744322,0,0,1,0,0.9995,0.097,0.891,0.011
29-08-2018,383.25,393.299988,383.25,385.899994,378.827118,3234342,0.8126,0,0.856,0.144,0.9995,0.097,0.891,0.011
09-08-2018,376,381,371.549988,378,371.07193,1992284,0.9081,0,0.573,0.427,0.9995,0.097,0.891,0.011
08-08-2018,375,376.549988,369.649994,374.600006,367.734253,3276532,-0.7003,0.119,0.881,0,0.9995,0.097,0.891,0.011
07-08-2018,393.5,394.450012,369.200012,372.299988,365.476379,9635697,-0.5499,0.107,0.788,0.104,0.9995,0.097,0.891,0.011
02-08-2018,397.600006,404.600006,394,399.149994,391.834259,2966243,0,0,1,0,0.9995,0.098,0.891,0.011
27-07-2018,402.450012,402.450012,391.149994,394.649994,387.416748,2966414,0,0,1,0,0.9995,0.098,0.891,0.011
24-07-2018,385.399994,394.299988,382.75,392.600006,383.471283,3937762,-0.3919,0.034,0.966,0,0.9995,0.098,0.891,0.011
13-07-2018,374,377.299988,367.5,370.399994,361.787445,3006407,0.8964,0,0.838,0.162,0.9995,0.098,0.891,0.011
05-07-2018,361.350006,363.399994,355.600006,361.899994,353.485107,1526982,0.6369,0,0.866,0.134,0.9995,0.098,0.891,0.011
28-06-2018,359.700012,364.450012,358.149994,361.799988,353.38739,9627099,0.296,0,0.909,0.091,0.9995,0.098,0.89,0.011
21-06-2018,369,374.799988,365.950012,366.899994,358.368835,4844094,0.7964,0,0.784,0.216,0.9995,0.098,0.891,0.011
16-05-2018,407.75,409.75,400.25,403.100006,393.727112,1897907,0.2023,0,0.955,0.045,0.9995,0.098,0.891,0.011
04-05-2018,401.950012,409.600006,391.299988,408.25,398.757385,4782981,0.3182,0.049,0.844,0.107,0.9995,0.099,0.89,0.011
03-05-2018,399.700012,406.299988,393.549988,397,387.768951,3161687,0.9153,0,0.914,0.086,0.9995,0.099,0.89,0.011
17-04-2018,391.5,393.950012,382,383.399994,374.485199,3770554,0.7003,0,0.793,0.207,0.9995,0.099,0.89,0.011
13-04-2018,375.799988,386.899994,372.350006,383.100006,374.192169,6485732,0.4576,0,0.857,0.143,0.9995,0.099,0.89,0.011
09-03-2018,392,393.649994,373.799988,377.899994,369.113037,5352078,0.5859,0,0.798,0.202,0.9995,0.099,0.89,0.011
08-03-2018,379,393,369.700012,387.950012,378.929382,11040375,0.7351,0,0.795,0.205,0.9996,0.102,0.888,0.011
07-03-2018,398.950012,398.950012,372.25,376.950012,368.185181,6951930,0.8402,0.031,0.812,0.157,0.9996,0.102,0.888,0.011
20-02-2018,394,398,387.200012,394.899994,385.717773,2045167,0,0,1,0,0.9996,0.102,0.888,0.011
19-01-2018,418.799988,435.450012,418.799988,433.450012,423.371429,7588904,0.6901,0,0.749,0.251,0.9996,0.104,0.885,0.01
18-01-2018,437.950012,438.149994,409.350006,416.25,406.57135,8794103,0.8335,0,0.815,0.185,0.9996,0.105,0.885,0.01
15-01-2018,425.549988,427.899994,419.5,420.600006,410.820221,1599208,0.3818,0,0.88,0.12,0.9996,0.105,0.885,0.01
12-12-2017,391.5,405.600006,389.5,402.5,393.141113,6686699,0,0,1,0,0.9997,0.106,0.884,0.01
27-11-2017,404.5,404.5,398,399.5,390.210846,2993007,0.6486,0,0.71,0.29,0.9997,0.106,0.884,0.01
22-11-2017,402.5,416.649994,401.649994,414.5,404.86203,5170814,0,0,1,0,0.9997,0.109,0.881,0.01
17-11-2017,401,405,396,400.950012,391.627106,6515843,0.6124,0,0.762,0.238,0.9997,0.108,0.882,0.01
16-11-2017,408,410.600006,395,397.200012,387.964355,5321941,0.6486,0,0.71,0.29,0.9997,0.108,0.882,0.01
14-11-2017,413.350006,417.850006,406.700012,410.75,401.199249,2326922,-0.7003,0.104,0.84,0.056,0.9997,0.108,0.882,0.01
13-11-2017,433,433.549988,411.399994,413.350006,403.7388,4344820,0.3843,0.071,0.774,0.155,0.9997,0.109,0.881,0.01
23-10-2017,403.200012,412.950012,400.049988,407.049988,397.585266,4555429,0.6597,0,0.888,0.112,0.9997,0.111,0.878,0.01
20-09-2017,408.100006,412.850006,406.049988,409.700012,400.173645,5238339,0.9682,0,0.691,0.309,0.9997,0.113,0.876,0.011
30-08-2017,386,392.399994,385.049988,389.75,380.687561,2979277,-0.3818,0.133,0.867,0,0.9998,0.115,0.875,0.011
14-08-2017,385,405.799988,385,396.200012,386.987579,2746774,0.3818,0,0.918,0.082,0.9998,0.116,0.874,0.011
19-06-2017,365,375.600006,365,373.799988,363.909027,7328947,-0.3612,0.207,0.67,0.123,0.9998,0.116,0.874,0.01
25-05-2017,344.899994,346.25,331.299988,340.75,331.733582,5992900,0.1027,0.056,0.878,0.066,0.9998,0.116,0.874,0.01
24-05-2017,333.399994,342.950012,328.100006,339.649994,330.662659,8363216,0,0,1,0,0.9998,0.116,0.874,0.01
12-05-2017,360.399994,360.399994,353.399994,357.950012,348.478485,2958586,0.6486,0,0.71,0.29,0.9998,0.116,0.874,0.01
26-04-2017,332.450012,333.899994,318,323.5,314.940063,4078479,0,0,1,0,0.9998,0.116,0.874,0.01
11-04-2017,352.450012,355.850006,330.549988,333.799988,324.967438,9397306,0,0,1,0,0.9998,0.118,0.872,0.01
05-04-2017,343.850006,359.25,343.049988,358.149994,348.673157,5947873,0.8957,0,0.848,0.152,0.9998,0.118,0.873,0.01
16-03-2017,312,327.350006,311.5,325.700012,317.081818,7051972,0.1027,0.056,0.878,0.066,0.9998,0.118,0.873,0.01
23-02-2017,300.350006,303.399994,295.799988,297.25,289.384613,6593433,0.4404,0,0.861,0.139,0.9998,0.118,0.871,0.011
20-02-2017,298.200012,302.899994,296.100006,300.299988,292.353882,1690844,0.743,0.034,0.828,0.138,0.9998,0.118,0.871,0.011
10-02-2017,305.600006,313.700012,305.100006,311.25,303.01413,5313049,0.7269,0,0.711,0.289,0.9998,0.119,0.872,0.009
11-01-2017,295.899994,299.75,294.5,295.649994,287.826935,3323800,0,0,1,0,0.9998,0.119,0.872,0.009
08-12-2016,279.899994,288.299988,279.899994,287.100006,279.503174,4172911,0.5267,0,0.933,0.067,0.9998,0.118,0.873,0.009
03-11-2016,299.700012,301.899994,287.100006,288.200012,280.574066,5762076,0.6486,0,0.71,0.29,0.9999,0.121,0.87,0.009
26-10-2016,312.950012,316.5,299.350006,305.100006,297.026917,11974635,0,0,1,0,0.9999,0.12,0.871,0.009
25-10-2016,286.649994,317,280.549988,312.799988,304.523132,20614093,0.9442,0,0.876,0.124,0.9999,0.122,0.87,0.009
20-10-2016,272.850006,286.399994,268.700012,285.25,277.702148,7256284,0,0,1,0,0.9999,0.122,0.869,0.009
07-10-2016,267.399994,268.200012,262.350006,266.850006,259.789001,3109737,0.5859,0,0.676,0.324,0.9999,0.124,0.867,0.008
04-10-2016,267.600006,269.799988,263.100006,268.700012,261.590057,3083178,0,0,1,0,0.9999,0.124,0.867,0.008
03-10-2016,260.700012,267.5,259.299988,264.5,257.50116,3775937,0.9628,0,0.907,0.093,0.9999,0.124,0.867,0.008
28-09-2016,266.700012,272,262.100006,271,263.829193,4450516,0,0,1,0,0.9999,0.124,0.867,0.008
21-09-2016,275,276,268,269.700012,262.563629,5226987,0.9325,0,0.733,0.267,0.9999,0.124,0.867,0.008
19-09-2016,272,277.700012,269.649994,276.149994,268.842926,3949553,0.4019,0,0.899,0.101,0.9999,0.125,0.867,0.008
29-08-2016,253.449997,263.350006,247.550003,262.600006,255.651474,6941895,0.5106,0,0.809,0.191,0.9999,0.125,0.867,0.008
18-08-2016,268.299988,277,267.950012,275.450012,268.161438,9439270,-0.4404,0.121,0.879,0,0.9999,0.125,0.867,0.008
16-08-2016,259.600006,274.600006,258.299988,273.549988,266.311676,15191371,0.9922,0,0.689,0.311,0.9999,0.125,0.867,0.008
10-08-2016,244.5,261.25,244.149994,258.450012,251.611298,19509517,0.9989,0.006,0.802,0.192,0.9999,0.126,0.865,0.008
09-08-2016,241,242.899994,234.800003,239.75,233.406067,7445154,0.7351,0,0.721,0.279,0.9999,0.127,0.865,0.008
05-08-2016,230.600006,234.899994,229.25,234,227.808258,2112014,0.624,0,0.747,0.253,0.9999,0.127,0.865,0.008
20-07-2016,221,222.399994,218.5,221.399994,215.541626,3477005,0.2023,0.097,0.765,0.138,0.9999,0.127,0.865,0.008
12-07-2016,219.199997,219.899994,215.399994,218,212.231613,5113880,0.4404,0,0.838,0.162,0.9999,0.127,0.865,0.008
05-07-2016,214.550003,216.399994,213,214.550003,208.872894,6536180,0.7096,0,0.951,0.049,0.9999,0.126,0.866,0.008
04-07-2016,206,213.949997,205.5,213.25,207.607285,5170996,0,0,1,0,0.9999,0.126,0.866,0.008
01-07-2016,205.100006,207.899994,203.800003,204.300003,198.894119,3280576,0.296,0,0.855,0.145,0.9999,0.126,0.866,0.008
24-06-2016,200,203.100006,195.350006,201.899994,196.557617,6402985,0,0,1,0,0.9999,0.126,0.866,0.008
10-06-2016,202.949997,205.699997,201.5,202.75,197.385132,1978971,0,0,1,0,0.9999,0.125,0.867,0.008
02-06-2016,203.449997,206.5,200.699997,205.199997,199.770294,6232617,0.4019,0,0.787,0.213,0.9999,0.125,0.867,0.008
24-05-2016,180.949997,181.5,177.100006,180.850006,176.064606,3874787,-0.2263,0.102,0.837,0.06,0.9999,0.126,0.866,0.008
23-05-2016,179.25,182.449997,178,181.100006,176.308014,10109957,-0.5413,0.2,0.8,0,0.9999,0.126,0.866,0.008
20-05-2016,171.600006,180.399994,170.350006,177.949997,173.241364,13115129,0,0,1,0,0.9999,0.126,0.866,0.008
19-05-2016,184.5,184.5,169.699997,171.550003,167.010681,13478073,-0.802,0.211,0.74,0.049,0.9999,0.127,0.864,0.009
13-05-2016,194.600006,200.25,179.399994,188.550003,183.560852,15272242,0.4927,0,0.715,0.285,0.9999,0.127,0.864,0.009
12-05-2016,194.199997,197.649994,193.600006,195.149994,189.986221,6098282,0.2023,0,0.904,0.096,0.9999,0.127,0.864,0.009
10-05-2016,197.949997,198.949997,194,194.550003,189.4021,4925308,0,0,1,0,0.9999,0.127,0.864,0.009
06-05-2016,198,199.5,190.550003,194.550003,189.4021,15642446,0,0,1,0,0.9999,0.127,0.864,0.009
04-05-2016,234.5,234.5,205.5,208.25,202.739594,22904231,-0.8957,0.103,0.831,0.067,0.9999,0.126,0.865,0.009
03-05-2016,235.25,242.449997,232.5,235.5,229.268524,5328996,-0.296,0.075,0.925,0,0.9999,0.126,0.865,0.009
26-04-2016,232.199997,232.899994,227,229.100006,223.037903,2703783,0,0,1,0,0.9999,0.125,0.865,0.009
22-04-2016,229.5,233.399994,227.300003,230.100006,224.011444,7431640,-0.7003,0.266,0.734,0,0.9999,0.125,0.865,0.009
07-04-2016,225.5,228,216,216.800003,211.063339,4171133,0.7713,0,0.782,0.218,0.9999,0.125,0.866,0.009
05-04-2016,242.399994,242.449997,223.850006,226.25,220.263306,4836504,0,0,1,0,0.9999,0.125,0.866,0.009
30-03-2016,240,248.5,239.550003,245.949997,239.442047,2883662,0.9979,0,0.887,0.113,0.9999,0.124,0.867,0.009
28-03-2016,240.399994,242.949997,232.699997,235.649994,229.414581,2756755,0.802,0,0.685,0.315,0.9999,0.124,0.867,0.009
17-03-2016,231.399994,239.5,231.050003,235.699997,228.428131,5383866,0.6369,0.028,0.884,0.088,0.9999,0.124,0.867,0.009
14-03-2016,233,237.5,229.649994,232.399994,225.229919,2722628,0,0,1,0,0.9999,0.124,0.867,0.009
11-03-2016,226.449997,232.850006,226,231.199997,224.066986,2649095,0,0,1,0,0.9999,0.124,0.867,0.009
03-03-2016,220.850006,229.449997,217.649994,227.5,220.48111,3290989,-0.2023,0.13,0.87,0,0.9999,0.124,0.867,0.009
02-03-2016,209,222.550003,208.850006,218.800003,212.049561,4228824,0.9241,0,0.661,0.339,0.9999,0.124,0.867,0.009
19-02-2016,208.899994,210.800003,205.75,209.399994,202.93956,2019974,0,0,1,0,0.9999,0.123,0.866,0.01
18-02-2016,214.5,215.800003,205.75,210.399994,203.908691,4659211,0.6597,0,0.816,0.184,0.9999,0.123,0.866,0.01
17-02-2016,201.050003,214.300003,196.300003,212.5,205.943924,6728882,0.8689,0,0.873,0.127,0.9999,0.123,0.866,0.01
16-02-2016,195.5,204.350006,193.75,200.350006,194.168777,9113057,0.9864,0,0.801,0.199,0.9999,0.123,0.866,0.01
12-02-2016,187.949997,190.699997,169.149994,178.050003,172.556793,12168356,0.0516,0.108,0.776,0.116,0.9999,0.124,0.865,0.01
03-02-2016,212,214.5,208,210.199997,203.714859,3026403,0,0,1,0,0.9999,0.124,0.865,0.01
25-01-2016,223,225.800003,217.75,218.399994,211.661865,1804218,0,0,1,0,0.9999,0.123,0.867,0.01
20-01-2016,229.050003,229.350006,216.050003,219.399994,212.631042,4087126,0,0,1,0,0.9999,0.123,0.867,0.01
08-01-2016,245.300003,247.25,239.350006,241.399994,233.952271,4219352,0.2023,0,0.951,0.049,0.9999,0.123,0.867,0.01
04-01-2016,264.450012,266.5,257,257.950012,249.991699,2536252,0,0,1,0,0.9999,0.123,0.867,0.01
31-12-2015,262.5,262.950012,259.200012,260.899994,252.850662,2727837,0,0,1,0,0.9999,0.123,0.867,0.01
28-12-2015,259,263,257.100006,262,253.916702,2392484,0,0,1,0,0.9999,0.122,0.867,0.01
22-12-2015,261.299988,261.299988,256.350006,257.600006,249.652512,1992099,-0.9403,0.097,0.882,0.021,0.9999,0.122,0.867,0.011
14-12-2015,239.800003,255.5,239.149994,254.550003,246.696594,4625481,0,0,1,0,0.9999,0.122,0.868,0.011
07-12-2015,257.850006,258.899994,254.5,255.100006,247.229614,2699537,0,0,1,0,0.9999,0.122,0.868,0.011
23-11-2015,274.399994,278.899994,273.399994,276.5,267.96936,3246402,0.886,0.025,0.847,0.128,0.9999,0.121,0.868,0.011
20-11-2015,268.100006,273.5,268.100006,269.700012,261.379181,3352666,0.4019,0,0.863,0.137,0.9999,0.121,0.868,0.011
10-11-2015,276,276.600006,262.450012,265.600006,257.40567,5013279,-0.296,0.115,0.885,0,0.9999,0.121,0.868,0.011
04-11-2015,293.450012,295.200012,287.549988,289.450012,280.519867,2575040,0.2023,0,0.924,0.076,0.9999,0.121,0.868,0.011
02-11-2015,293.100006,302.700012,290.100006,295.549988,286.43158,7004865,0.802,0.048,0.737,0.214,0.9999,0.121,0.868,0.011
30-10-2015,301.799988,302.75,294.350006,296.25,287.110046,3247944,-0.3254,0.155,0.751,0.094,0.9999,0.121,0.868,0.011
28-10-2015,309,310.75,298.25,300.649994,291.374298,6552757,0.802,0,0.821,0.179,0.9999,0.121,0.869,0.011
14-10-2015,323,328.399994,321.299988,324.5,314.488434,1676790,0,0,1,0,0.9999,0.12,0.869,0.011
09-10-2015,323,324.700012,315.950012,318.549988,308.721985,1322859,0,0,1,0,0.9999,0.12,0.869,0.011
06-10-2015,319.850006,320.950012,313,315.799988,306.056854,3585046,0,0,1,0,0.9999,0.12,0.87,0.011
01-10-2015,302.950012,307.100006,298.5,305.049988,295.63855,4450444,0.9432,0,0.812,0.188,0.9999,0.119,0.87,0.011
28-09-2015,304.600006,312,302.75,307.200012,297.72226,3282892,0.7906,0,0.789,0.211,0.9999,0.12,0.87,0.011
18-09-2015,340,351.200012,335,339.700012,329.219513,11182333,0,0,1,0,0.9999,0.118,0.869,0.013
11-09-2015,329,334,320.5,322.950012,312.986298,2528750,0,0,1,0,0.9999,0.118,0.869,0.013
10-09-2015,319.100006,328,314.799988,326.200012,316.136017,2432225,0,0,1,0,0.9999,0.118,0.869,0.013
08-09-2015,323.649994,327.350006,311.700012,317.549988,307.752869,4788058,-0.3612,0.045,0.955,0,0.9999,0.118,0.869,0.013
07-09-2015,340.899994,345.5,321.299988,322.649994,312.695496,2580631,0,0,1,0,0.9999,0.118,0.869,0.013
04-09-2015,338,342.649994,330,339.350006,328.88031,2104869,0,0,1,0,0.9999,0.118,0.869,0.013
02-09-2015,344,347.450012,332.950012,334.549988,324.228394,4886043,-0.3182,0.104,0.832,0.065,0.9999,0.118,0.869,0.013
01-09-2015,344.950012,354.75,339,342.25,331.690857,3654461,0,0,1,0,0.9999,0.118,0.869,0.013
28-08-2015,360.5,369.450012,357,362.649994,351.461456,5905591,0,0,1,0,0.9999,0.118,0.869,0.013
26-08-2015,344,355.25,336.25,347.850006,337.118073,4493391,0,0,1,0,0.9999,0.118,0.869,0.013
20-08-2015,366.950012,374.799988,358.549988,368.549988,357.179413,5891117,-0.5423,0.176,0.824,0,0.9999,0.117,0.87,0.013
14-08-2015,340,365.799988,340,363.75,352.527527,13845397,0,0,1,0,0.9999,0.117,0.87,0.013
13-08-2015,328,338,328,334.700012,324.373749,4693354,0,0,1,0,0.9999,0.118,0.869,0.012
11-08-2015,340.399994,340.399994,328.950012,331.799988,321.563232,3016995,0,0,1,0,0.9999,0.118,0.869,0.012
04-08-2015,332.25,340.299988,329.600006,339.149994,328.686493,4458398,0,0,1,0,0.9999,0.117,0.87,0.012
30-07-2015,316,319.950012,315.100006,318.350006,308.528198,3092912,0,0,1,0,0.9999,0.117,0.871,0.012
29-07-2015,314.700012,316.299988,313.5,314.700012,304.990845,2000338,0,0,1,0,0.9999,0.117,0.871,0.012
27-07-2015,322.200012,322.700012,312.75,313.950012,304.263977,2359169,0,0,1,0,0.9999,0.117,0.871,0.012
24-07-2015,330.399994,330.399994,322,323.899994,313.907013,2337434,0,0,1,0,0.9999,0.117,0.871,0.012
23-07-2015,325.700012,333.350006,325,331.350006,321.127136,3000343,0,0,1,0,0.9999,0.117,0.871,0.012
21-07-2015,330.5,331.25,321,322.649994,312.695496,1927178,0,0,1,0,0.9999,0.117,0.871,0.012
20-07-2015,328,330.5,325.600006,328.799988,318.655792,1847655,0,0,1,0,0.9999,0.117,0.871,0.012
16-07-2015,325,329,322.75,326.899994,316.814423,3075862,0.9834,0,0.814,0.186,0.9999,0.117,0.871,0.012
13-07-2015,319,322,313.600006,321.399994,311.4841,1890469,-0.5423,0.153,0.847,0,0.9999,0.117,0.871,0.012
10-07-2015,318.75,321.549988,315.200012,317.100006,307.316742,2531442,0,0,1,0,0.9999,0.116,0.872,0.012
08-07-2015,329.399994,329.399994,318.899994,320.649994,310.757202,6546522,0,0,1,0,0.9999,0.116,0.872,0.012
07-07-2015,321.799988,334.700012,321.600006,333.049988,322.774628,7877450,0.128,0,0.962,0.038,0.9999,0.115,0.872,0.012
03-07-2015,319.950012,325.75,319,320.799988,310.902618,5189498,0,0,1,0,0.9999,0.115,0.872,0.012
29-06-2015,306.600006,307.5,300.850006,306.649994,297.189178,1890624,0.2263,0,0.971,0.029,0.9999,0.115,0.873,0.012
26-06-2015,311,315.350006,309,311.200012,301.598816,2127770,0,0,1,0,0.9999,0.115,0.873,0.012
23-06-2015,311.049988,318.399994,311.049988,316.049988,306.299133,2683470,0,0,1,0,0.9999,0.115,0.873,0.012
22-06-2015,306,314.5,304.100006,311.049988,301.453461,3121416,0,0,1,0,0.9999,0.115,0.873,0.012
15-06-2015,310.100006,317,308.100006,310.049988,300.484283,3154460,0,0,1,0,0.9999,0.115,0.873,0.012
05-06-2015,311,315.649994,308.700012,311.299988,301.695709,2533852,0,0,1,0,0.9999,0.114,0.874,0.012
04-06-2015,301,316.350006,301,311.200012,301.598816,6343813,0,0,1,0,0.9999,0.114,0.874,0.012
03-06-2015,311,311.799988,288,297.25,288.079193,24022178,0,0,1,0,0.9999,0.114,0.874,0.012
02-06-2015,318.100006,321,306.200012,309.149994,299.61203,7395219,0.8689,0,0.828,0.172,0.9999,0.114,0.875,0.012
01-06-2015,325.799988,325.799988,308.25,311.549988,301.937988,3889157,0,0,1,0,0.9999,0.113,0.875,0.012
28-05-2015,339.899994,340.600006,320.549988,333,322.726227,3394601,0,0,1,0,0.9999,0.113,0.875,0.012
21-05-2015,344,351,343.549988,348.399994,336.584991,2609479,0,0,1,0,0.9999,0.113,0.875,0.012
20-05-2015,340.799988,344.450012,338.549988,343.049988,331.416443,1660453,0,0,1,0,0.9999,0.113,0.875,0.012
19-05-2015,338.299988,344.899994,335.350006,339.850006,328.324951,1685421,0,0,1,0,0.9999,0.113,0.875,0.012
18-05-2015,330.799988,340.549988,329.5,339.350006,327.841919,1370344,0,0,1,0,0.9999,0.113,0.875,0.012
15-05-2015,335.850006,338.649994,327.049988,329,317.842926,1663198,0,0,1,0,0.9999,0.113,0.875,0.012
14-05-2015,338.399994,340,330.75,333.950012,322.625061,3075816,0.1779,0.047,0.883,0.069,0.9999,0.113,0.875,0.012
13-05-2015,336.450012,344,334.549988,340.450012,328.904633,3022877,0,0,1,0,0.9999,0.113,0.875,0.012
12-05-2015,343.399994,343.399994,333.149994,334.899994,323.542847,1550748,0,0,1,0,0.9999,0.113,0.875,0.012
11-05-2015,337.600006,345,337.049988,344.049988,332.382538,2266220,0.5574,0,0.833,0.167,0.9999,0.113,0.876,0.012
08-05-2015,326.200012,340.75,326.200012,335.100006,323.736053,2097977,0,0,1,0,0.9999,0.113,0.876,0.012
07-05-2015,332.299988,332.299988,315.399994,322.799988,311.853119,1709602,0,0,1,0,0.9999,0.112,0.876,0.012
06-05-2015,340.350006,344.25,329.049988,331.200012,319.968323,2247751,0,0,1,0,0.9999,0.112,0.876,0.012
05-05-2015,349.600006,351.700012,337.950012,342.700012,331.078339,4219216,0,0,1,0,0.9999,0.112,0.876,0.012
04-05-2015,325.549988,353,321.049988,347.200012,335.425751,6375610,0.9217,0,0.863,0.137,0.9999,0.112,0.876,0.012
30-04-2015,313.049988,319.899994,308.700012,317.549988,306.781219,2916537,0,0,1,0,0.9999,0.112,0.876,0.012
29-04-2015,308,315.399994,305.75,312.850006,302.240601,1566799,0.3818,0,0.915,0.085,0.9999,0.112,0.876,0.012
28-04-2015,307,310.799988,298.5,306.100006,295.719513,2539436,0,0,1,0,0.9999,0.112,0.876,0.012
24-04-2015,319,319,312.950012,316.299988,305.573639,1316393,0,0,1,0,0.9999,0.112,0.877,0.012
23-04-2015,315,319.850006,313.200012,318.600006,307.795593,1069160,0,0,1,0,0.9999,0.112,0.877,0.012
22-04-2015,316.399994,318.25,304.75,313.700012,303.061798,2317579,0,0,1,0,0.9999,0.112,0.877,0.012
21-04-2015,313.950012,320.649994,310.25,314.450012,303.786346,1679188,0,0,1,0,0.9999,0.112,0.877,0.012
20-04-2015,324.5,324.950012,308.299988,313.5,302.868561,2002115,0,0,1,0,0.9999,0.112,0.877,0.012
17-04-2015,327.600006,332,321,322.75,311.804871,1471127,0,0,1,0,0.9999,0.112,0.877,0.012
16-04-2015,328,332.399994,321.799988,327.5,316.393768,1676768,0,0,1,0,0.9999,0.112,0.877,0.012
15-04-2015,330.5,333.600006,324.25,325.75,314.703156,1576904,0,0,1,0,0.9999,0.111,0.877,0.012
13-04-2015,320.5,331.649994,319.549988,330.799988,319.581909,2405161,0,0,1,0,0.9999,0.111,0.877,0.012
10-04-2015,316.899994,323.850006,313.5,319.799988,308.954926,2127407,0,0,1,0,0.9999,0.111,0.877,0.012
09-04-2015,319.700012,320.549988,312,316.700012,305.960052,1503986,0,0,1,0,0.9999,0.111,0.877,0.012
07-04-2015,323,325.600006,316.649994,323.899994,312.915894,1913068,0,0,1,0,0.9999,0.111,0.877,0.012
06-04-2015,313.75,323.850006,311.450012,321.25,310.355743,2039045,0,0,1,0,0.9999,0.111,0.877,0.012
01-04-2015,308.450012,312.049988,306.100006,310.950012,300.405029,1026200,0,0,1,0,0.9999,0.111,0.877,0.012
31-03-2015,311,315.450012,305.049988,308.200012,297.748291,2590770,0,0,1,0,0.9999,0.111,0.877,0.012
30-03-2015,306,310,303,308.549988,298.086426,3039118,0,0,1,0,0.9999,0.111,0.877,0.012
27-03-2015,307.799988,307.799988,295.399994,305,294.65683,3371344,0,0,1,0,0.9999,0.111,0.877,0.012
24-03-2015,304,309,299,307.100006,296.685608,2447607,0.296,0,0.927,0.073,0.9999,0.111,0.877,0.012
23-03-2015,308.299988,311.25,302.549988,303.850006,293.545776,1387396,0,0,1,0,0.9999,0.111,0.877,0.012
20-03-2015,312.899994,316.700012,306.5,308.149994,297.699951,2049167,0,0,1,0,0.9999,0.111,0.877,0.012
19-03-2015,316.149994,322.649994,310.5,312.899994,302.28891,1470026,0,0,1,0,0.9999,0.111,0.877,0.012
18-03-2015,320.049988,320.950012,312.899994,316.649994,305.911713,3069180,0,0,1,0,0.9999,0.111,0.877,0.012
16-03-2015,306.700012,314.75,303.049988,313.299988,302.675293,1629195,0,0,1,0,0.9999,0.111,0.877,0.012
13-03-2015,312.899994,316.299988,305,306.25,295.864441,4356123,0,0,1,0,0.9999,0.111,0.877,0.012
12-03-2015,306.549988,312,304,310.25,299.72876,3431277,0,0,1,0,0.9999,0.111,0.877,0.012
11-03-2015,318.899994,318.899994,302.200012,307.799988,297.361816,4828130,0.7351,0,0.714,0.286,0.9999,0.111,0.878,0.012
09-03-2015,331.549988,335.899994,323.5,325,313.978546,1825760,0,0,1,0,0.9999,0.111,0.878,0.012
05-03-2015,332.799988,335.399994,327.200012,333.049988,321.755524,1770268,0,0,1,0,0.9999,0.111,0.878,0.012
04-03-2015,339.899994,343.299988,330.100006,332,320.741211,1846535,0,0,1,0,0.9999,0.111,0.878,0.012
03-03-2015,332.5,339.049988,332,336.549988,325.136902,2016305,0,0,1,0,0.9999,0.111,0.878,0.012
02-03-2015,334.5,335.600006,325.600006,330.350006,319.147125,2592113,0,0,1,0,0.9999,0.111,0.878,0.011
27-02-2015,329.399994,349.649994,327.799988,346.25,334.507935,3025639,0,0,1,0,0.9999,0.11,0.878,0.011
26-02-2015,328.100006,332.5,322.5,327.299988,316.200562,1775811,0,0,1,0,0.9999,0.11,0.878,0.011
25-02-2015,336,337.450012,326.850006,328.200012,317.070038,1467120,0,0,1,0,0.9999,0.11,0.878,0.011
23-02-2015,331,332.399994,321.200012,323.399994,312.432831,1737238,0,0,1,0,0.9999,0.11,0.878,0.011
20-02-2015,335.049988,338.049988,326.399994,329,317.842926,1302901,0,0,1,0,0.9999,0.11,0.878,0.011
19-02-2015,335.149994,341,323.700012,333.850006,322.528473,2643121,0,0,1,0,0.9999,0.11,0.878,0.011
18-02-2015,332.299988,335.799988,330,333.799988,322.480133,1227170,0,0,1,0,0.9999,0.11,0.878,0.011
16-02-2015,335.100006,341.700012,329.649994,331.25,320.016602,2205960,0,0,1,0,0.9999,0.11,0.878,0.011
12-02-2015,327.700012,338,326.799988,336.600006,325.185181,3539194,0,0,1,0,0.9999,0.111,0.878,0.011
11-02-2015,319.899994,328.899994,319,326.100006,315.04129,2148555,0,0,1,0,0.9999,0.111,0.878,0.011
10-02-2015,298.100006,319.700012,298.100006,317.850006,307.071045,3921257,0,0,1,0,0.9999,0.11,0.878,0.011
09-02-2015,296.700012,307.899994,292.5,300.149994,289.971283,3103409,0,0,1,0,0.9999,0.11,0.878,0.011
06-02-2015,311.100006,313.950012,298.600006,300.200012,290.019592,3265593,0,0,1,0,0.9999,0.11,0.878,0.011
05-02-2015,322,322.700012,308.450012,312.200012,301.612701,2167857,0,0,1,0,0.9999,0.11,0.879,0.011
04-02-2015,329.450012,333,319.25,321.25,310.355743,2792395,0,0,1,0,0.9999,0.11,0.879,0.011
03-02-2015,336.299988,336.950012,326.049988,327.799988,316.683563,1537152,0,0,1,0,0.9999,0.11,0.879,0.011
02-02-2015,339.5,343.899994,333,335.899994,324.508942,1735161,0,0,1,0,0.9999,0.11,0.879,0.011
30-01-2015,346.399994,352,323.5,341.049988,329.484283,4373172,0.8271,0,0.903,0.097,0.9999,0.11,0.879,0.011
29-01-2015,340.649994,348.399994,337.649994,344.149994,332.479187,4034959,0.9274,0,0.9,0.1,0.9999,0.11,0.879,0.011
28-01-2015,343.399994,350,333.899994,339.25,327.7453,3391819,0.4404,0,0.879,0.121,0.9999,0.11,0.878,0.011
27-01-2015,348,349.450012,340.899994,345.149994,333.44519,2928237,0.4404,0,0.888,0.112,0.9999,0.11,0.879,0.011
23-01-2015,332,352.75,330.100006,346.899994,335.135956,7519790,0,0,1,0,0.9999,0.11,0.879,0.011
22-01-2015,329.049988,331.649994,327,329.399994,318.229309,1376133,0,0,1,0,0.9999,0.11,0.879,0.011
21-01-2015,330.350006,333.5,326.200012,329.350006,318.181091,1514648,0,0,1,0,0.9999,0.11,0.879,0.011
20-01-2015,329,332.649994,326.850006,330.5,319.292084,1091657,0,0,1,0,0.9999,0.11,0.879,0.011
19-01-2015,332.049988,334.799988,326.600006,328.350006,317.214996,1362398,0,0,1,0,0.9999,0.11,0.879,0.011
16-01-2015,329.799988,334.600006,326,330.850006,319.630188,1970666,0,0,1,0,0.9999,0.11,0.879,0.011
15-01-2015,334,337.299988,326.25,330.600006,319.388702,2140699,0.3851,0,0.886,0.114,0.9999,0.11,0.879,0.011
14-01-2015,324,333.899994,322.649994,331.25,320.016602,2272652,0,0,1,0,0.9999,0.11,0.879,0.011
13-01-2015,330.200012,331.299988,320.75,323,312.046387,2688701,0,0,1,0,0.9999,0.11,0.879,0.011
12-01-2015,332.149994,335.75,325.549988,328.450012,317.311615,2990475,0,0,1,0,0.9999,0.11,0.879,0.011
09-01-2015,339.899994,343.100006,327.350006,331.149994,319.920013,3543488,0,0,1,0,0.9999,0.11,0.879,0.011
08-01-2015,326,337.299988,323.549988,334.549988,323.204742,2932673,0,0,1,0,0.9999,0.11,0.879,0.011
07-01-2015,321.950012,328.700012,317.399994,321.100006,310.210846,2981544,0,0,1,0,0.9999,0.109,0.879,0.011
06-01-2015,321.649994,331.450012,315.600006,321.850006,310.935394,3672197,0,0,1,0,0.9999,0.109,0.879,0.011
05-01-2015,320.450012,327.5,319.350006,323.799988,312.819305,2099786,0,0,1,0,0.9999,0.109,0.879,0.011
02-01-2015,319.350006,325.799988,318.049988,319.350006,308.520172,2894058,0,0,1,0,0.9999,0.109,0.879,0.011
01-01-2015,319,322.5,316.25,319.549988,308.713379,1456204,0,0,1,0,0.9999,0.109,0.879,0.011
31-12-2014,316.799988,321.299988,311.399994,319.049988,308.230316,3559436,0,0,1,0,0.9999,0.109,0.88,0.011
30-12-2014,293.799988,317.100006,293.799988,316,305.283752,8904689,0.8689,0,0.836,0.164,0.9999,0.109,0.88,0.011
29-12-2014,291.450012,294.5,287.950012,293.100006,283.160339,1377996,0.999,0,0.744,0.256,0.9999,0.109,0.88,0.011
26-12-2014,284.399994,290,283.299988,289.200012,279.392639,1208404,0,0,1,0,0.9999,0.109,0.88,0.011
24-12-2014,287.899994,287.899994,282,283.049988,273.451202,2631645,0,0,1,0,0.9999,0.109,0.88,0.011
23-12-2014,291.549988,295.899994,287,288.149994,278.378235,2092865,0,0,1,0,0.9999,0.108,0.88,0.011
22-12-2014,290.600006,292.950012,285.100006,290.299988,280.455292,1909478,0,0,1,0,0.9999,0.108,0.88,0.011
19-12-2014,292,293.700012,286.100006,289.899994,280.068848,3204495,0,0,1,0,0.9999,0.108,0.88,0.011
18-12-2014,278,291,277.649994,289.950012,280.117218,3335626,0,0,1,0,0.9999,0.108,0.88,0.011
17-12-2014,273.649994,278.149994,267.549988,273.75,264.466553,2231001,0,0,1,0,0.9999,0.108,0.88,0.011
16-12-2014,286.799988,286.799988,272,274.5,265.191162,1933499,0,0,1,0,0.9999,0.108,0.88,0.011
15-12-2014,275.549988,289.450012,274.5,288.049988,278.281647,2084321,0,0,1,0,0.9999,0.108,0.88,0.011
12-12-2014,279.75,287.450012,275.549988,277.450012,268.041107,5222845,0,0,1,0,0.9999,0.109,0.88,0.011
11-12-2014,273.600006,282.5,270.25,278.100006,268.669037,3450618,0,0,1,0,0.9999,0.109,0.88,0.011
09-12-2014,275.049988,279.850006,266.049988,269.200012,260.070862,1934181,0,0,1,0,0.9999,0.108,0.881,0.011
08-12-2014,282.600006,284.700012,276,276.799988,267.413116,1157284,0,0,1,0,0.9999,0.108,0.881,0.011
05-12-2014,286.549988,291.149994,283,284.549988,274.900269,2638164,0,0,1,0,0.9999,0.108,0.881,0.011
04-12-2014,291.450012,293.649994,285,286.200012,276.494385,1869475,0,0,1,0,0.9999,0.108,0.881,0.011
03-12-2014,285.75,293,285.75,291.25,281.373108,1637493,0,0,1,0,0.9999,0.108,0.881,0.011
02-12-2014,288,291.600006,285,286.149994,276.446045,2280967,0,0,1,0,0.9999,0.108,0.881,0.011
01-12-2014,290,292.450012,284,289,279.199402,1974590,0,0,1,0,0.9999,0.108,0.881,0.011
28-11-2014,290.049988,297.850006,288.5,290.25,280.407013,1925459,0,0,1,0,0.9999,0.108,0.881,0.011
27-11-2014,294.549988,298,289,290.350006,280.503632,2123941,0,0,1,0,0.9999,0.108,0.881,0.011
26-11-2014,297.200012,300.600006,293.049988,296.799988,286.734894,1374295,0,0,1,0,0.9999,0.108,0.881,0.011
25-11-2014,306,306.799988,294.5,298.700012,288.570496,2054557,0,0,1,0,0.9999,0.108,0.881,0.011
24-11-2014,302,308.75,302,306.299988,295.91275,3374221,0,0,1,0,0.9999,0.108,0.881,0.011
21-11-2014,300.049988,304.75,297.549988,303.049988,292.772949,3515231,0,0,1,0,0.9999,0.108,0.881,0.011
20-11-2014,299.950012,301.899994,292.450012,300.25,290.067871,1669583,0,0,1,0,0.9999,0.108,0.881,0.011
19-11-2014,304.700012,307.25,296,300.149994,289.971283,3988326,0,0,1,0,0.9999,0.108,0.881,0.011
18-11-2014,297,305,296.799988,303.100006,292.821228,2537080,0,0,1,0,0.9999,0.108,0.881,0.011
17-11-2014,297.200012,297.200012,292.399994,296.100006,286.058655,1170407,0,0,1,0,0.9999,0.108,0.881,0.011
14-11-2014,295.25,298.899994,292.299988,297.25,287.169647,1540791,0,0,1,0,0.9999,0.108,0.881,0.011
13-11-2014,302.100006,304.899994,291.299988,294.25,284.271362,2585938,0.2023,0,0.962,0.038,0.9999,0.108,0.881,0.011
12-11-2014,295.600006,306.350006,295,300.700012,290.502655,6066400,0,0,1,0,0.9999,0.107,0.879,0.014
10-11-2014,292.950012,300.950012,287.399994,290.700012,280.841766,5822567,0.7351,0,0.895,0.105,0.9999,0.107,0.88,0.014
07-11-2014,288.600006,295.75,284.049988,292.899994,282.967133,1615079,0,0,1,0,0.9999,0.107,0.88,0.014
05-11-2014,292,294.600006,285.100006,288.75,278.957916,1797633,0,0,1,0,0.9999,0.107,0.88,0.014
03-11-2014,287.399994,293.5,283.5,291.5,281.614624,2314825,0,0,1,0,0.9999,0.107,0.88,0.014
31-10-2014,275.799988,288,274.299988,285.649994,275.963013,2716153,0,0,1,0,0.9999,0.107,0.88,0.014
30-10-2014,272.799988,274.450012,270.100006,271.850006,262.630981,2122837,0,0,1,0,0.9999,0.107,0.88,0.014
14-10-2014,263,264.5,255,260.149994,251.327744,3429442,0,0,1,0,0.9999,0.106,0.879,0.015
13-10-2014,257,263.799988,252,260.5,251.665924,2155274,0.024,0.132,0.763,0.105,0.9999,0.106,0.879,0.015
10-10-2014,268,268,257.600006,258.899994,250.120163,1876136,0,0,1,0,0.9999,0.106,0.879,0.015
09-10-2014,262.75,270.700012,262.649994,269.799988,260.650513,2010254,0,0,1,0,0.9999,0.106,0.879,0.015
08-10-2014,260.899994,264.850006,258.549988,261.149994,252.293854,2156752,0,0,1,0,0.9999,0.106,0.879,0.015
07-10-2014,274.149994,275.149994,256.5,259.899994,251.086258,5687206,0,0,1,0,0.9999,0.106,0.878,0.016
01-10-2014,277.049988,283.350006,272.5,275.149994,265.819092,1937730,0,0,1,0,0.9999,0.106,0.878,0.016
30-09-2014,278.700012,285.850006,275.100006,277.549988,268.137695,2567794,0,0,1,0,0.9999,0.106,0.878,0.016
29-09-2014,281.899994,285.700012,277.100006,281.450012,271.905457,4799075,0,0,1,0,0.9999,0.106,0.878,0.016
26-09-2014,269,281.75,267.25,279.950012,270.456329,3311604,0,0,1,0,0.9999,0.105,0.878,0.016
25-09-2014,271,271.450012,264.25,267.899994,258.814941,5305786,0,0,1,0,0.9999,0.105,0.878,0.016
24-09-2014,274.799988,274.799988,261.100006,268.25,259.153046,5118762,0,0,1,0,0.9999,0.105,0.878,0.017
22-09-2014,283.899994,288.700012,282.049988,285.799988,276.10788,1729402,0,0,1,0,0.9999,0.105,0.878,0.017
19-09-2014,294.799988,295.399994,283.600006,284.950012,275.286774,3571431,0,0,1,0,0.9999,0.105,0.878,0.017
18-09-2014,280,296,278.149994,294.600006,284.609467,3210047,0,0,1,0,0.9999,0.105,0.877,0.018
17-09-2014,280,284,271.799988,282.450012,272.871552,2458969,0,0,1,0,0.9999,0.105,0.878,0.018
16-09-2014,291.799988,292.799988,278.399994,279.700012,270.214752,2068845,0,0,1,0,0.9999,0.105,0.878,0.018
15-09-2014,291.899994,294,288.5,291.799988,281.904449,1273200,0,0,1,0,0.9999,0.105,0.878,0.018
12-09-2014,294.149994,299.899994,292.549988,293.5,283.546783,2602822,0.4019,0,0.94,0.06,0.9999,0.105,0.878,0.018
11-09-2014,294.700012,295.450012,290.100006,293.450012,283.498505,1911504,0,0,1,0,0.9999,0.105,0.878,0.018
10-09-2014,291,296.75,288,293.450012,283.498505,3601230,0.8519,0,0.847,0.153,0.9999,0.105,0.878,0.018
09-09-2014,300.799988,301.200012,293.649994,295.200012,285.189178,1903788,0,0,1,0,0.9999,0.105,0.878,0.018
08-09-2014,289.75,301.5,289.75,299.799988,289.633148,3472358,0,0,1,0,0.9999,0.104,0.878,0.018
05-09-2014,290.799988,292.899994,286.399994,290.149994,280.310394,1540290,0,0,1,0,0.9999,0.104,0.878,0.018
04-09-2014,289.100006,292.899994,286.399994,289.299988,279.489258,5686505,0,0,1,0,0.9999,0.104,0.878,0.018
03-09-2014,290.149994,294.950012,287.950012,289.100006,279.296021,2780904,0,0,1,0,0.9999,0.104,0.878,0.018
02-09-2014,285.899994,291.5,285.899994,288.850006,279.054474,2060621,0,0,1,0,0.9999,0.104,0.878,0.018
01-09-2014,285.799988,287.549988,276.299988,286.5,276.78418,3598155,0,0,1,0,0.9999,0.104,0.878,0.018
28-08-2014,289.700012,293.850006,281.350006,282.850006,273.257996,3637436,0,0,1,0,0.9999,0.104,0.878,0.018
27-08-2014,299.25,302.700012,284.299988,288.25,278.474823,3607703,-0.5994,0.068,0.932,0,0.9999,0.104,0.878,0.018
26-08-2014,292.5,300.899994,289.25,298,287.894226,2768112,0,0,1,0,0.9999,0.104,0.878,0.018
25-08-2014,297.299988,301,291.700012,293.350006,283.401886,2557796,0,0,1,0,0.9999,0.104,0.878,0.018
22-08-2014,296.950012,300.399994,294.25,297.700012,287.604401,4107903,0,0,1,0,0.9999,0.104,0.878,0.018
21-08-2014,294.399994,301.350006,293.350006,296.899994,286.831512,6936813,0,0,1,0,0.9999,0.104,0.878,0.018
20-08-2014,287.950012,297.5,284.950012,293.149994,283.208679,11384639,0,0,1,0,0.9999,0.104,0.879,0.018
19-08-2014,275.450012,289.649994,275.200012,287.149994,277.41217,5479772,0.9628,0,0.882,0.118,0.9999,0.104,0.879,0.018
18-08-2014,273.799988,277.899994,273,273.600006,264.321686,2499975,0,0,1,0,0.9999,0.104,0.879,0.018
14-08-2014,276,276,268.75,272.399994,263.162292,2321776,0,0,1,0,0.9999,0.104,0.879,0.018
13-08-2014,270.25,275.25,265.700012,274.399994,265.094513,3863196,0,0,1,0,0.9999,0.104,0.879,0.018
12-08-2014,273,274.950012,270.100006,271.350006,262.14798,3262251,0,0,1,0,0.9999,0.104,0.879,0.018
11-08-2014,265.600006,272.25,265,270,260.843781,4305779,0,0,1,0,0.9999,0.103,0.879,0.018
08-08-2014,262,263.899994,258.299988,262.100006,253.2117,4238796,0,0,1,0,0.9999,0.103,0.879,0.018
07-08-2014,269.899994,273,263.649994,266.149994,257.124268,3496953,-0.6124,0.078,0.922,0,0.9999,0.103,0.879,0.018
06-08-2014,265.850006,275.75,265.100006,268.5,259.394623,6978210,0,0,1,0,0.9999,0.104,0.879,0.018
05-08-2014,264.600006,269.649994,262.5,265.799988,256.786133,5848392,0,0,1,0,0.9999,0.104,0.879,0.018
04-08-2014,260.049988,266.399994,258.5,265.450012,256.448059,4251061,0,0,1,0,0.9999,0.104,0.879,0.018
01-08-2014,257.350006,263.25,255.600006,259.25,250.458282,6097901,0,0,1,0,0.9999,0.103,0.879,0.018
31-07-2014,262.049988,265.5,259.450012,260.549988,251.714203,7890098,0,0,1,0,0.9999,0.103,0.879,0.018
30-07-2014,267,268.299988,259.149994,263.649994,253.743027,6091746,0,0,1,0,0.9999,0.103,0.879,0.018
28-07-2014,267.75,277.75,264.75,266,256.0047,5082312,0,0,1,0,0.9999,0.104,0.879,0.018
25-07-2014,272.899994,276,263.049988,268.049988,257.977631,5432866,0.3034,0.074,0.794,0.132,0.9999,0.104,0.879,0.018
24-07-2014,280.149994,282.649994,271.649994,275.700012,265.340271,3952702,0,0,1,0,0.9999,0.104,0.879,0.018
23-07-2014,285.049988,287.5,277.149994,279.799988,269.286102,3814814,0,0,1,0,0.9999,0.104,0.879,0.018
22-07-2014,288.700012,289.899994,282.149994,284.799988,274.098267,3096008,0,0,1,0,0.9999,0.104,0.879,0.018
21-07-2014,290,293.850006,286.100006,288.100006,277.274231,4470445,0,0,1,0,0.9999,0.104,0.879,0.018
18-07-2014,283.75,293.399994,275.549988,288.299988,277.466766,8919945,0.836,0,0.899,0.101,0.9999,0.104,0.879,0.018
17-07-2014,285,289.649994,282.549988,285.649994,274.91629,6726603,0,0,1,0,0.9999,0.103,0.879,0.017
16-07-2014,264.100006,285.399994,263,281,270.44101,6760956,0,0,1,0,0.9999,0.104,0.879,0.017
15-07-2014,254.800003,264.25,254.600006,262.950012,253.06929,4753216,0,0,1,0,0.9999,0.104,0.879,0.017
14-07-2014,249.800003,255.300003,246.850006,252.800003,243.30072,3749117,0,0,1,0,0.9999,0.104,0.879,0.017
11-07-2014,273,279.899994,244.600006,248.699997,239.354782,7391100,0,0,1,0,0.9999,0.104,0.879,0.017
10-07-2014,267.25,285.399994,252.350006,270.299988,260.143127,9128261,0,0,1,0,0.9999,0.104,0.879,0.017
09-07-2014,258,272.649994,249.350006,264.899994,254.946014,7271247,0,0,1,0,0.9999,0.104,0.879,0.017
08-07-2014,281.5,281.5,253.600006,258.450012,248.738403,5348048,0,0,1,0,0.9999,0.104,0.879,0.017
07-07-2014,277.850006,282.600006,248,280.700012,270.152344,10604584,0.4019,0,0.963,0.037,0.9999,0.103,0.88,0.017
04-07-2014,271.399994,277.5,269.399994,275.549988,265.195831,7514461,0,0,1,0,0.9999,0.103,0.88,0.017
03-07-2014,271.899994,276.350006,267.799988,270.399994,260.239349,10025759,0,0,1,0,0.9999,0.103,0.88,0.017
02-07-2014,245.949997,279.399994,245.899994,271.25,261.057434,29796852,0,0,1,0,0.9999,0.103,0.88,0.017
01-07-2014,245.449997,247.300003,242.699997,244.199997,235.023849,1969294,0,0,1,0,0.9999,0.102,0.881,0.017
30-06-2014,232,244.899994,231.75,243.699997,234.542633,3695817,0,0,1,0,0.9999,0.102,0.881,0.017
27-06-2014,235,236,230.5,231.399994,222.704819,3496814,0,0,1,0,0.9999,0.102,0.881,0.017
26-06-2014,238,238.899994,232.649994,234.550003,225.736481,1801189,0,0,1,0,0.9999,0.102,0.881,0.017
25-06-2014,238.949997,241.199997,235.649994,237.149994,228.23877,1943671,0,0,1,0,0.9999,0.102,0.881,0.017
24-06-2014,239.300003,243.5,235.5,238,229.056839,3569302,0.6068,0,0.974,0.026,0.9999,0.102,0.881,0.017
23-06-2014,233.949997,239.199997,233.600006,237,228.094437,2865754,0,0,1,0,0.9999,0.102,0.881,0.017
20-06-2014,224.449997,236,223.100006,232.600006,223.859756,3228673,0,0,1,0,0.9999,0.102,0.881,0.017
19-06-2014,231,234.350006,224.600006,225.949997,217.45961,2672876,0,0,1,0,0.9999,0.102,0.881,0.017
18-06-2014,235,239.300003,228.850006,231.050003,222.367966,2415067,0,0,1,0,0.9999,0.102,0.881,0.017
17-06-2014,227.899994,236.600006,226.399994,236.100006,227.228241,3338397,0,0,1,0,0.9999,0.102,0.881,0.017
16-06-2014,229.949997,230,219.649994,228.100006,219.528839,3233252,0,0,1,0,0.9999,0.102,0.881,0.017
13-06-2014,237.949997,246.550003,223.550003,230.600006,221.934906,5345562,0,0,1,0,0.9999,0.102,0.881,0.017
12-06-2014,239,242.100006,233.100006,236.949997,228.04628,2751243,0,0,1,0,0.9999,0.102,0.881,0.017
11-06-2014,247.399994,251,235.5,238.199997,229.249313,6632454,0,0,1,0,0.9999,0.102,0.881,0.017
10-06-2014,255.699997,255.699997,242.699997,246.050003,236.804337,5125196,0,0,1,0,0.9999,0.102,0.881,0.017
09-06-2014,259,261.799988,252.300003,254,244.455597,4765315,0,0,1,0,0.9999,0.102,0.881,0.017
06-06-2014,243.850006,260.399994,242,257.649994,247.96846,8606900,0,0,1,0,0.9999,0.102,0.882,0.017
05-06-2014,244.5,245,236.399994,241.649994,232.569672,5542042,0.5719,0,0.905,0.095,0.9999,0.102,0.882,0.017
04-06-2014,241.850006,245.350006,237.800003,243.850006,234.687027,4530747,0,0,1,0,0.9999,0.102,0.882,0.017
02-06-2014,229,230.300003,224.050003,226.149994,217.652115,2341446,0,0,1,0,0.9999,0.101,0.882,0.017
30-05-2014,212,232,212,227.5,218.951385,11195546,0,0,1,0,0.9999,0.101,0.882,0.017
29-05-2014,220,221.100006,211.100006,211.899994,203.937576,3058419,0,0,1,0,0.9999,0.101,0.882,0.017
27-05-2014,221.050003,223,211.649994,214.449997,206.391739,4048066,0,0,1,0,0.9999,0.101,0.881,0.018
26-05-2014,229.5,235.949997,211.100006,223.25,214.861053,6471305,0,0,1,0,0.9999,0.101,0.881,0.018
23-05-2014,224,229,223.25,227.699997,219.14386,3328418,0,0,1,0,0.9999,0.101,0.881,0.018
22-05-2014,227.5,230.550003,224,225.050003,216.59346,4449033,0,0,1,0,0.9999,0.101,0.881,0.018
21-05-2014,237.399994,237.399994,212.25,225.649994,217.170883,5478596,0,0,1,0,0.9999,0.101,0.881,0.018
20-05-2014,233.949997,244.699997,231.550003,235.800003,226.939499,7962251,0,0,1,0,0.9999,0.101,0.882,0.018
19-05-2014,228,232.5,225.600006,231.649994,222.945435,8324363,0,0,1,0,0.9999,0.101,0.882,0.018
16-05-2014,235,235,219.050003,225,216.545319,16816546,0.4404,0,0.957,0.043,0.9999,0.101,0.882,0.018
15-05-2014,219.5,227.199997,215.550003,220.399994,212.118179,13153383,0.936,0,0.868,0.132,0.9999,0.101,0.882,0.017
14-05-2014,227,229.350006,215.550003,217.050003,208.894058,11619778,0.8271,0,0.861,0.139,0.9999,0.101,0.882,0.017
13-05-2014,210.050003,227.699997,210,224.5,216.064133,21252250,0.8271,0,0.889,0.111,0.9999,0.101,0.882,0.017
12-05-2014,206.5,209.5,200.100006,204.600006,196.911911,4820292,0.4404,0,0.861,0.139,0.9999,0.101,0.882,0.017
09-05-2014,191.100006,208.649994,189.100006,204.699997,197.008118,8272339,0.4404,0,0.861,0.139,0.9999,0.101,0.882,0.017
08-05-2014,190.050003,191.600006,185.050003,190.199997,183.052979,4955646,0.8271,0,0.861,0.139,0.9999,0.101,0.882,0.017
07-05-2014,193.5,196.149994,187.350006,189.5,182.379257,4398923,0.926,0,0.861,0.139,0.9999,0.101,0.882,0.017
05-05-2014,187,190.399994,182.5,186.050003,179.058914,3462920,0.926,0,0.861,0.139,0.9999,0.101,0.882,0.017
02-05-2014,190,192.399994,184,185.850006,178.866455,5328258,0.926,0,0.861,0.139,0.9999,0.101,0.882,0.017
30-04-2014,192.050003,194.449997,174.600006,188.199997,181.128128,5884524,-0.1027,0.155,0.714,0.131,0.9999,0.101,0.882,0.017
28-04-2014,199.399994,199.649994,189.399994,192.149994,184.929688,6111039,0.926,0,0.861,0.139,0.9999,0.101,0.882,0.017
25-04-2014,205,206.699997,197.25,198.699997,191.233582,5808334,0.8271,0,0.861,0.139,0.9999,0.101,0.882,0.017
24-04-2014,204.449997,204.449997,204.449997,204.449997,196.767532,0,0.8271,0,0.861,0.139,0.9999,0.101,0.882,0.017
23-04-2014,208,213.050003,203.350006,204.449997,196.767532,7702502,0.9246,0.017,0.857,0.126,0.9999,0.101,0.882,0.017
21-04-2014,199.899994,209.5,198.899994,204,196.334427,7284821,0.926,0,0.861,0.139,0.9999,0.101,0.882,0.017
17-04-2014,195.350006,203.399994,195.300003,198.399994,190.944855,6192143,0.8779,0,0.856,0.144,0.9999,0.101,0.882,0.017
16-04-2014,187.600006,198.350006,187.050003,194.100006,186.806442,7878787,0.8271,0,0.861,0.139,0.9999,0.101,0.882,0.017
11-04-2014,193.5,200.600006,188.149994,193.649994,186.373337,8768812,0.926,0,0.861,0.139,0.9999,0.1,0.882,0.017
10-04-2014,183.350006,204.399994,183.350006,193,185.747757,15336233,0.9601,0,0.853,0.147,0.9999,0.1,0.882,0.017
09-04-2014,178.800003,184.199997,176.899994,183.449997,176.55661,3813131,0.8271,0,0.861,0.139,0.9999,0.1,0.882,0.017
07-04-2014,180.25,182.800003,175.5,177,170.348999,2230925,0.926,0,0.861,0.139,0.9999,0.1,0.882,0.017
04-04-2014,182,183.399994,178.350006,179.850006,173.091919,2928018,0.8271,0,0.861,0.139,0.9999,0.1,0.882,0.017
03-04-2014,186.050003,187.800003,179.100006,181.300003,174.487396,2074961,0.926,0,0.881,0.119,0.9999,0.1,0.882,0.017
02-04-2014,187.899994,189.699997,175.149994,186,179.010803,2072685,0.8271,0,0.861,0.139,0.9999,0.1,0.882,0.017
01-04-2014,188.699997,189.399994,184.300003,186.300003,179.29953,1143086,0.8271,0,0.861,0.139,0.9999,0.1,0.882,0.017
31-03-2014,187.399994,192.800003,185.75,187.449997,180.406311,3889451,0.926,0,0.886,0.114,0.9999,0.1,0.882,0.017
28-03-2014,179.350006,188.100006,179.350006,186.149994,179.155151,5268789,0.8271,0,0.861,0.139,0.9999,0.1,0.882,0.017
27-03-2014,178.5,180.550003,177.800003,179.75,172.995651,1595618,0.926,0,0.861,0.139,0.9999,0.1,0.882,0.017
26-03-2014,180.550003,183,177.800003,178.800003,172.081345,1836011,0.8271,0,0.861,0.139,0.9999,0.1,0.882,0.017
25-03-2014,179,182.199997,177,179.899994,173.139984,1468660,0.926,0,0.861,0.139,0.9999,0.1,0.882,0.017
24-03-2014,182,182.899994,174.600006,178.5,171.792603,1389494,0.4404,0,0.861,0.139,0.9999,0.1,0.882,0.017
21-03-2014,183,184.399994,179.800003,181.699997,174.872375,1492705,0.926,0,0.861,0.139,0.9999,0.1,0.882,0.017
20-03-2014,184.050003,186.899994,180.75,181.600006,174.776138,1230749,0.8271,0,0.861,0.139,0.9999,0.1,0.882,0.017
19-03-2014,189.949997,189.949997,184.300003,185.199997,178.240875,1385598,0.926,0,0.861,0.139,0.9999,0.1,0.882,0.017
18-03-2014,183.5,189.800003,183.5,188.75,181.657455,3061068,0.926,0,0.861,0.139,0.9999,0.1,0.882,0.017
14-03-2014,177,185.350006,175.199997,183.199997,176.31601,1715374,0.8271,0,0.861,0.139,0.9999,0.1,0.882,0.017
13-03-2014,183.649994,185.699997,177.899994,179.199997,172.466309,923751,0.8271,0,0.861,0.139,0.9999,0.1,0.882,0.017
12-03-2014,183.25,186.350006,182.050003,183.649994,176.749115,1067157,0.8271,0,0.861,0.139,0.9999,0.1,0.882,0.017
11-03-2014,188.100006,188.5,183.649994,184.600006,177.663422,1741685,0.926,0,0.861,0.139,0.9999,0.1,0.882,0.017
10-03-2014,185.949997,190.75,182.300003,187.850006,180.79129,2522084,0.8271,0,0.861,0.139,0.9999,0.1,0.882,0.017
06-03-2014,177.25,179.699997,175.75,179.149994,172.418182,1618425,0.8271,0,0.861,0.139,0.9999,0.1,0.882,0.017
05-03-2014,176.199997,178.649994,175.050003,176.899994,170.252716,2423656,0.875,0,0.874,0.126,0.9999,0.1,0.882,0.017
04-03-2014,172.300003,176.800003,171.100006,175.449997,168.857239,2792682,0.8271,0,0.861,0.139,0.9999,0.1,0.882,0.018
03-03-2014,168,173.800003,167.399994,171.649994,165.200012,1937906,0.9169,0,0.874,0.126,0.9999,0.1,0.882,0.018
28-02-2014,160.600006,169.800003,160.149994,167.25,160.965363,2464976,0.8271,0,0.861,0.139,0.9999,0.1,0.882,0.018
26-02-2014,160,161.699997,154.850006,160.75,154.70961,1778597,0.4404,0,0.861,0.139,0.9999,0.1,0.882,0.018
25-02-2014,164.850006,166.600006,158.050003,159,153.025375,1682365,0.8271,0,0.861,0.139,0.9999,0.1,0.882,0.018
24-02-2014,167,170.699997,163.350006,164.5,158.318695,2124447,0.8271,0,0.861,0.139,0.9999,0.099,0.883,0.018
21-02-2014,166.399994,168.399994,162.550003,167.25,160.965363,2288323,0.8271,0,0.861,0.139,0.9999,0.099,0.883,0.018
20-02-2014,161.050003,167.5,160.149994,164.800003,158.607437,2344760,0.891,0,0.901,0.099,0.9999,0.099,0.883,0.018
19-02-2014,160,165,158.5,164.100006,157.933731,2624162,0.4404,0,0.861,0.139,0.9999,0.099,0.883,0.018
18-02-2014,152,160.399994,151.449997,159.649994,153.65094,3306662,0.8271,0,0.894,0.106,0.9999,0.099,0.884,0.018
17-02-2014,148.399994,152,146.199997,151.199997,145.518448,647048,0.8271,0,0.896,0.104,0.9999,0.099,0.884,0.018
14-02-2014,143.350006,148.399994,143.350006,147.050003,141.524399,919174,0.926,0,0.865,0.135,0.9999,0.099,0.884,0.018
13-02-2014,146.100006,147.25,143.5,144.149994,138.733383,734478,0.891,0,0.864,0.136,0.9999,0.099,0.884,0.018
12-02-2014,149,149.199997,144.350006,146.050003,140.561966,835543,0.926,0,0.864,0.136,0.9999,0.099,0.884,0.018
11-02-2014,149.899994,150,147.550003,148.25,142.679306,2114388,0.8271,0,0.866,0.134,0.9999,0.099,0.884,0.018
10-02-2014,147.25,149.100006,146.699997,148.050003,142.486832,1981260,0.926,0,0.864,0.136,0.9999,0.099,0.884,0.018
07-02-2014,147.5,152.5,146.699997,147.5,141.957489,6366201,0.8271,0,0.866,0.134,0.9999,0.099,0.884,0.018
06-02-2014,148,148.850006,145.699997,146.399994,140.898819,720689,0.8271,0,0.863,0.137,0.9999,0.099,0.884,0.018
05-02-2014,146.899994,148.5,144.5,145.699997,140.225128,2446824,0.926,0,0.865,0.135,0.9999,0.098,0.884,0.018
04-02-2014,142.5,148.5,141.949997,146.899994,141.38002,787885,0.926,0,0.864,0.136,0.9999,0.098,0.884,0.018
03-02-2014,146.399994,146.649994,143.399994,143.949997,138.540863,520680,0.8271,0,0.863,0.137,0.9999,0.098,0.884,0.018
31-01-2014,143,147.550003,142.300003,146.949997,141.428146,765126,0.891,0,0.864,0.136,0.9999,0.098,0.884,0.018
30-01-2014,144.699997,146.350006,141,141.649994,136.327316,1530051,0.891,0,0.864,0.136,0.9999,0.098,0.884,0.018
29-01-2014,144,147.800003,143.350006,146.649994,141.13942,1503702,0.891,0,0.863,0.137,0.9999,0.098,0.884,0.018
28-01-2014,143.600006,146.399994,141.050003,142,136.664169,1453706,0.8271,0,0.866,0.134,0.9999,0.098,0.884,0.018
27-01-2014,143.550003,147.399994,141.25,143.949997,138.540863,2467215,0.872,0,0.853,0.147,0.9999,0.098,0.884,0.018
28-11-2013,153.800003,159.449997,153.25,157.050003,151.148621,3487149,0,0,1,0,0.9999,0.097,0.885,0.018
20-11-2013,155,160.949997,154.5,156.300003,150.426819,2698124,0.4215,0.162,0.615,0.223,0.9999,0.096,0.886,0.018
24-10-2013,158,161.699997,151.100006,154.899994,149.079407,6241761,0.5267,0,0.891,0.109,0.9999,0.096,0.886,0.018
13-09-2013,129.5,137,129.5,136.199997,131.082123,1256650,-0.296,0.095,0.905,0,0.9999,0.095,0.887,0.017
01-08-2013,126.5,148.399994,125.199997,140.949997,135.65361,6475235,0.8271,0,0.781,0.219,0.9999,0.096,0.887,0.017
31-07-2013,135.800003,135.850006,116.650002,125.25,120.543564,5120681,0.5267,0,0.881,0.119,0.9999,0.096,0.887,0.017
16-05-2013,157,167.350006,154.399994,162,154.794586,8280624,0,0,1,0,0.9999,0.096,0.887,0.017
18-04-2013,141.75,146.5,140.800003,145.25,138.789566,1433603,0.8689,0,0.926,0.074,0.9999,0.095,0.888,0.017
21-03-2013,126,134.5,121.650002,127.300003,121.63797,1349239,0.8555,0,0.785,0.215,0.9999,0.095,0.889,0.016
29-01-2013,137,156.25,137,145.800003,139.315109,19207648,0.802,0.038,0.888,0.074,0.9999,0.093,0.89,0.017
28-01-2013,131.600006,137.800003,127.300003,136.75,130.667648,6676462,0.872,0,0.848,0.152,0.9999,0.093,0.89,0.017
02-01-2013,138.800003,140.199997,137.300003,138.449997,132.292023,1158271,0.4019,0,0.863,0.137,0.9999,0.093,0.89,0.017
20-12-2012,145.25,146.399994,139.050003,140,133.773102,2098610,-0.5267,0.185,0.815,0,0.9999,0.093,0.89,0.017
17-12-2012,136.050003,144.149994,135.550003,143.25,136.878525,2010480,0,0,1,0,0.9999,0.093,0.891,0.017
30-10-2012,124.050003,127.800003,123,125,119.440262,678844,0.4404,0,0.861,0.139,0.9999,0.092,0.89,0.018
27-08-2012,110,112.050003,106.550003,108,103.196396,1101295,-0.5574,0.159,0.841,0,0.9999,0.092,0.89,0.018
24-08-2012,110.550003,112.900002,105.650002,112,107.018471,2507113,-0.3818,0.197,0.719,0.084,0.9999,0.091,0.891,0.018
01-08-2012,121.550003,125.5,118.099998,120.900002,115.522614,4518020,0.7824,0,0.847,0.153,0.9999,0.091,0.891,0.018
13-06-2012,122.550003,125.349998,119.349998,120.800003,114.718933,1683780,0,0,1,0,0.9999,0.091,0.892,0.017
15-05-2012,114,115.449997,112.25,114.699997,108.926003,921396,0.6486,0,0.762,0.238,0.9999,0.091,0.892,0.017
04-04-2012,129.399994,132.25,128.300003,131.649994,125.022736,763340,-0.1531,0.184,0.647,0.169,0.9999,0.091,0.892,0.017
30-03-2012,124.5,130,124.099998,129.5,122.980972,1405080,0.4939,0.111,0.725,0.164,0.9999,0.091,0.892,0.017
22-02-2012,155.75,157.75,142.399994,143.850006,136.608612,1863666,0,0,1,0,0.9999,0.091,0.892,0.017
13-02-2012,143.949997,144.300003,141,143.050003,135.848877,718239,-0.6597,0.162,0.838,0,0.9999,0.091,0.892,0.017
09-02-2012,139.649994,141.800003,135.199997,137.949997,130.73056,1907732,0.7003,0,0.818,0.182,0.9999,0.091,0.892,0.017
11-03-2011,132.800003,133.649994,130.350006,131.600006,124.338371,580658,0.7964,0,0.829,0.171,0.9999,0.09,0.892,0.017
